Entity,Code
Africa (UN),NA
Asia (UN),NA
Europe (UN),NA
High-income countries,NA
Land-locked developing countries (LLDC),NA
Latin America and the Caribbean (UN),NA
Least developed countries,NA
Less developed regions,NA
"Less developed regions, excluding China",NA
"Less developed regions, excluding least developed countries",NA
Low-income countries,NA
Lower-middle-income countries,NA
More developed regions,NA
Northern America (UN),NA
Oceania (UN),NA
Small island developing states (SIDS),NA
Upper-middle-income countries,NA
World,OWID_WRL
