year,vaccine,n_reporting,total_vaccinated
1980,BCG,78,16327572
1980,DTP3,103,17441167
1980,HepB3,0,NA
1980,Hib3,0,NA
1980,MCV1,70,13295665
1980,Polio 3,102,19057734
1980,Rotavirus,0,NA
1980,Rubella 1,7,3346284
1981,BCG,104,22612553
1981,DTP3,124,21438835
1981,HepB3,0,NA
1981,Hib3,0,NA
1981,MCV1,91,16385613
1981,Polio 3,123,20671035
1981,Rotavirus,0,NA
1981,Rubella 1,11,3932238
1982,BCG,110,25017755
1982,DTP3,129,24425654
1982,HepB3,0,NA
1982,Hib3,0,NA
1982,MCV1,110,17915875
1982,Polio 3,131,42877251
1982,Rotavirus,0,NA
1982,Rubella 1,15,4285739
1983,BCG,116,36219802
1983,DTP3,142,40526428
1983,HepB3,0,NA
1983,Hib3,0,NA
1983,MCV1,129,38946503
1983,Polio 3,142,47078757
1983,Rotavirus,0,NA
1983,Rubella 1,20,4971372
1984,BCG,124,45078236
1984,DTP3,150,48117923
1984,HepB3,0,NA
1984,Hib3,0,NA
1984,MCV1,143,43852548
1984,Polio 3,150,51265425
1984,Rotavirus,0,NA
1984,Rubella 1,23,5489198
1985,BCG,129,50079333
1985,DTP3,156,53416739
1985,HepB3,0,NA
1985,Hib3,0,NA
1985,MCV1,151,50330846
1985,Polio 3,157,55503302
1985,Rotavirus,0,NA
1985,Rubella 1,26,6001017
1986,BCG,131,55555533
1986,DTP3,159,58229763
1986,HepB3,0,NA
1986,Hib3,0,NA
1986,MCV1,156,52022922
1986,Polio 3,159,56909494
1986,Rotavirus,0,NA
1986,Rubella 1,29,6335514
1987,BCG,131,67136830
1987,DTP3,161,64727929
1987,HepB3,0,NA
1987,Hib3,0,NA
1987,MCV1,160,61981197
1987,Polio 3,163,66437418
1987,Rotavirus,0,NA
1987,Rubella 1,34,6305157
1988,BCG,133,75804181
1988,DTP3,163,77119490
1988,HepB3,0,NA
1988,Hib3,0,NA
1988,MCV1,161,75030710
1988,Polio 3,164,78298097
1988,Rotavirus,0,NA
1988,Rubella 1,37,7569899
1989,BCG,134,81039255
1989,DTP3,163,83954551
1989,HepB3,3,323432
1989,Hib3,0,NA
1989,MCV1,161,82422145
1989,Polio 3,164,86290325
1989,Rotavirus,0,NA
1989,Rubella 1,40,8955131
1990,BCG,134,94030888
1990,DTP3,164,93804576
1990,HepB3,10,823891
1990,Hib3,0,NA
1990,MCV1,162,89780016
1990,Polio 3,164,93362717
1990,Rotavirus,0,NA
1990,Rubella 1,43,9544090
1991,BCG,135,92339645
1991,DTP3,165,89934344
1991,HepB3,23,1605226
1991,Hib3,4,611473
1991,MCV1,164,86151460
1991,Polio 3,165,90395599
1991,Rotavirus,0,NA
1991,Rubella 1,47,10749680
1992,BCG,153,95570073
1992,DTP3,183,90669459
1992,HepB3,32,3331177
1992,Hib3,5,824865
1992,MCV1,182,89308196
1992,Polio 3,183,90914823
1992,Rotavirus,0,NA
1992,Rubella 1,53,10815445
1993,BCG,157,94298700
1993,DTP3,188,88761334
1993,HepB3,40,5579358
1993,Hib3,8,1622945
1993,MCV1,187,88228157
1993,Polio 3,188,89117509
1993,Rotavirus,0,NA
1993,Rubella 1,62,12060894
1994,BCG,158,93108098
1994,DTP3,189,91007277
1994,HepB3,46,9515904
1994,Hib3,11,1737429
1994,MCV1,188,89490157
1994,Polio 3,189,91484796
1994,Rotavirus,0,NA
1994,Rubella 1,65,12561920
1995,BCG,157,93085230
1995,DTP3,189,91112617
1995,HepB3,56,14246998
1995,Hib3,12,5249991
1995,MCV1,188,91396443
1995,Polio 3,189,92015423
1995,Rotavirus,0,NA
1995,Rubella 1,77,14494565
1996,BCG,157,92664035
1996,DTP3,189,89907344
1996,HepB3,61,16752665
1996,Hib3,17,5872816
1996,MCV1,188,91009471
1996,Polio 3,189,91708234
1996,Rotavirus,0,NA
1996,Rubella 1,81,14932571
1997,BCG,156,89935653
1997,DTP3,190,88600259
1997,HepB3,67,18167263
1997,Hib3,25,6495211
1997,MCV1,190,88203051
1997,Polio 3,190,91185289
1997,Rotavirus,0,NA
1997,Rubella 1,85,15368519
1998,BCG,156,90345745
1998,DTP3,190,88687491
1998,HepB3,73,19147129
1998,Hib3,39,8654965
1998,MCV1,190,87471557
1998,Polio 3,189,90072103
1998,Rotavirus,0,NA
1998,Rubella 1,90,18688659
1999,BCG,158,91357302
1999,DTP3,192,88607219
1999,HepB3,81,22840751
1999,Hib3,48,9745383
1999,MCV1,192,88204670
1999,Polio 3,191,89992656
1999,Rotavirus,0,NA
1999,Rubella 1,92,20742508
2000,BCG,158,92021415
2000,DTP3,192,89515375
2000,HepB3,95,36652952
2000,Hib3,60,16587815
2000,MCV1,192,88937055
2000,Polio 3,191,90030323
2000,Rotavirus,0,NA
2000,Rubella 1,98,26124826
2001,BCG,158,93003509
2001,DTP3,192,91065285
2001,HepB3,105,40045955
2001,Hib3,69,17571278
2001,MCV1,192,90545957
2001,Polio 3,191,91315140
2001,Rotavirus,0,NA
2001,Rubella 1,103,27632390
2002,BCG,160,94017866
2002,DTP3,193,91434114
2002,HepB3,123,47426062
2002,Hib3,81,21316012
2002,MCV1,193,90689285
2002,Polio 3,193,93319846
2002,Rotavirus,0,NA
2002,Rubella 1,107,27793233
2003,BCG,160,95151794
2003,DTP3,193,93719670
2003,HepB3,141,55746757
2003,Hib3,87,22397590
2003,MCV1,193,92837268
2003,Polio 3,193,94482596
2003,Rotavirus,0,NA
2003,Rubella 1,109,28488177
2004,BCG,160,97137825
2004,DTP3,193,96577518
2004,HepB3,148,61346904
2004,Hib3,92,24271073
2004,MCV1,193,95509688
2004,Polio 3,193,95723447
2004,Rotavirus,0,NA
2004,Rubella 1,116,30416541
2005,BCG,159,100029509
2005,DTP3,193,98243867
2005,HepB3,157,68572771
2005,Hib3,101,25842987
2005,MCV1,193,97866306
2005,Polio 3,193,99034150
2005,Rotavirus,0,NA
2005,Rubella 1,117,30634701
2006,BCG,161,102545258
2006,DTP3,194,100506483
2006,HepB3,162,73948056
2006,Hib3,106,27262305
2006,MCV1,194,100778980
2006,Polio 3,194,101459354
2006,Rotavirus,4,1656529
2006,Rubella 1,123,32696594
2007,BCG,161,105060076
2007,DTP3,194,101323030
2007,HepB3,171,80918462
2007,Hib3,114,31967791
2007,MCV1,194,102300708
2007,Polio 3,194,103370104
2007,Rotavirus,5,2910128
2007,Rubella 1,125,33106063
2008,BCG,160,106704371
2008,DTP3,194,105932026
2008,HepB3,175,89767092
2008,Hib3,129,36053054
2008,MCV1,194,105546574
2008,Polio 3,194,106904926
2008,Rotavirus,12,4800987
2008,Rubella 1,125,33231314
2009,BCG,160,109987506
2009,DTP3,194,110050818
2009,HepB3,178,96742625
2009,Hib3,153,50585473
2009,MCV1,194,110155044
2009,Polio 3,194,110287493
2009,Rotavirus,20,8919964
2009,Rubella 1,127,33836915
2010,BCG,159,111455367
2010,DTP3,194,111884514
2010,HepB3,180,97333158
2010,Hib3,167,53382775
2010,MCV1,194,112469572
2010,Polio 3,194,111548788
2010,Rotavirus,26,10513370
2010,Rubella 1,129,46933931
2011,BCG,160,113046368
2011,DTP3,195,114342678
2011,HepB3,182,100412650
2011,Hib3,175,57562762
2011,MCV1,195,114051507
2011,Polio 3,195,113134567
2011,Rotavirus,27,12380579
2011,Rubella 1,130,51579520
2012,BCG,160,113533083
2012,DTP3,195,114645135
2012,HepB3,182,108343634
2012,Hib3,179,61599021
2012,MCV1,195,114202831
2012,Polio 3,195,113952954
2012,Rotavirus,38,14945841
2012,Rubella 1,133,53869698
2013,BCG,158,114199294
2013,DTP3,195,115431339
2013,HepB3,184,109138512
2013,Hib3,187,69136898
2013,MCV1,195,115621296
2013,Polio 3,195,115502360
2013,Rotavirus,45,19242156
2013,Rubella 1,138,58693596
2014,BCG,158,114549530
2014,DTP3,195,117097093
2014,HepB3,185,112819971
2014,Hib3,190,75437250
2014,MCV1,195,116726176
2014,Polio 3,195,116888701
2014,Rotavirus,67,25196346
2014,Rubella 1,140,61911525
2015,BCG,158,113159435
2015,DTP3,195,117242800
2015,HepB3,186,114459349
2015,Hib3,192,86061341
2015,MCV1,195,117054278
2015,Polio 3,195,117616412
2015,Rotavirus,78,30305752
2015,Rubella 1,147,65094479
2016,BCG,157,114488722
2016,DTP3,195,118555690
2016,HepB3,186,115929831
2016,Hib3,192,96165528
2016,MCV1,195,117229619
2016,Polio 3,195,117441150
2016,Rotavirus,85,33060253
2016,Rubella 1,151,66169388
2017,BCG,157,115254346
2017,DTP3,195,118643819
2017,HepB3,187,116003011
2017,Hib3,192,98329981
2017,MCV1,195,117761105
2017,Polio 3,195,118063749
2017,Rotavirus,93,36770334
2017,Rubella 1,163,71829874
2018,BCG,157,115569526
2018,DTP3,195,119030944
2018,HepB3,187,116343957
2018,Hib3,192,98264649
2018,MCV1,195,119094295
2018,Polio 3,195,118539733
2018,Rotavirus,99,46518648
2018,Rubella 1,169,96156756
2019,BCG,157,112977396
2019,DTP3,195,117529295
2019,HepB3,190,116511745
2019,Hib3,192,98435942
2019,MCV1,195,117393718
2019,Polio 3,195,117680103
2019,Rotavirus,102,53366552
2019,Rubella 1,171,96521858
2020,BCG,157,107491001
2020,DTP3,195,111589358
2020,HepB3,190,111201826
2020,Hib3,193,94743767
2020,MCV1,195,112279222
2020,Polio 3,195,110940238
2020,Rotavirus,109,61853789
2020,Rubella 1,173,92675384
2021,BCG,157,104122151
2021,DTP3,195,107503378
2021,HepB3,191,107049861
2021,Hib3,193,92549839
2021,MCV1,195,107924455
2021,Polio 3,195,106813443
2021,Rotavirus,117,63124912
2021,Rubella 1,173,88756216
