year,vaccine,n_reporting,total_vaccinated,baseline_2019,index_2019
2015,DTP3,195,117242800,117529295,99.75623524330679
2015,MCV1,195,117054278,117393718,99.71085335247666
2015,Polio 3,195,117616412,117680103,99.9458778515855
2016,DTP3,195,118555690,117529295,100.87330992668679
2016,MCV1,195,117229619,117393718,99.86021483704945
2016,Polio 3,195,117441150,117680103,99.79694698261778
2017,DTP3,195,118643819,117529295,100.94829463581824
2017,MCV1,195,117761105,117393718,100.31295286175364
2017,Polio 3,195,118063749,117680103,100.32600753247131
2018,DTP3,195,119030944,117529295,101.27768059869669
2018,MCV1,195,119094295,117393718,101.44860988217444
2018,Polio 3,195,118539733,117680103,100.7304803259732
2019,DTP3,195,117529295,117529295,100
2019,MCV1,195,117393718,117393718,100
2019,Polio 3,195,117680103,117680103,100
2020,DTP3,195,111589358,117529295,94.945994528428
2020,MCV1,195,112279222,117393718,95.64329668815839
2020,Polio 3,195,110940238,117680103,94.27272340167819
2021,DTP3,195,107503378,117529295,91.4694315149257
2021,MCV1,195,107924455,117393718,91.93375662571655
2021,Polio 3,195,106813443,117680103,90.76593262329146
