entity,code,vaccine,year_2019,year_2020,year_2021,disrupted_2020,recovery_index,recovery_status,percent_above_2019
Gabon,GAB,DTP3,42997,38729,46115,TRUE,1.7305529522024368,Recovered to 2019 level,7.251668721073563
Zambia,ZMB,DTP3,534009,517579,569885,TRUE,3.183566646378576,Recovered to 2019 level,6.718238831180748
Mali,MLI,DTP3,607461,564616,635475,TRUE,1.653845256155911,Recovered to 2019 level,4.61165408149659
Benin,BEN,DTP3,321631,310086,332609,TRUE,1.9508878302295365,Recovered to 2019 level,3.4132282025053553
Ghana,GHA,DTP3,827343,814250,852834,TRUE,2.9469182005651877,Recovered to 2019 level,3.0810679488434665
Uganda,UGA,DTP3,1397665,1373472,1438423,TRUE,2.684702186582896,Recovered to 2019 level,2.916149434950435
Kazakhstan,KAZ,DTP3,379941,350291,390926,TRUE,1.3704890387858348,Recovered to 2019 level,2.89123837648477
Netherlands,NLD,DTP3,160482,159868,163340,TRUE,5.6547231270358305,Recovered to 2019 level,1.7808850836853978
Saudi Arabia,SAU,DTP3,617964,614205,627417,TRUE,3.514764565043895,Recovered to 2019 level,1.5297007592675302
Togo,TGO,DTP3,211707,209226,214343,TRUE,2.0624748085449416,Recovered to 2019 level,1.2451170721799467
Kenya,KEN,DTP3,1254486,1230298,1267787,TRUE,1.549900777244915,Recovered to 2019 level,1.06027488549095
Nauru,NRU,DTP3,333,327,335,TRUE,1.3333333333333333,Recovered to 2019 level,0.6006006006006006
Yemen,YEM,DTP3,685487,682772,687422,TRUE,1.712707182320442,Recovered to 2019 level,0.28228106441114126
Pakistan,PAK,DTP3,4949391,4564451,4958796,TRUE,1.024432379072063,Recovered to 2019 level,0.19002337863385615
Mali,MLI,MCV1,552237,500089,577704,TRUE,1.488360052159239,Recovered to 2019 level,4.611606973093074
Ghana,GHA,MCV1,784697,762276,818025,TRUE,2.486463583247848,Recovered to 2019 level,4.247244477804808
Benin,BEN,MCV1,287775,279939,297598,TRUE,2.25357325165901,Recovered to 2019 level,3.4134306315698026
Gabon,GAB,MCV1,38083,32581,39352,TRUE,1.2306434023991275,Recovered to 2019 level,3.332195467794029
Kazakhstan,KAZ,MCV1,387775,370194,399156,TRUE,1.64734656731699,Recovered to 2019 level,2.934949390754948
El Salvador,SLV,MCV1,84148,71876,86547,TRUE,1.1954856584093871,Recovered to 2019 level,2.8509293150163995
New Zealand,NZL,MCV1,55440,54854,56665,TRUE,3.090443686006826,Recovered to 2019 level,2.20959595959596
Malawi,MWI,MCV1,549510,547188,557109,TRUE,4.272609819121447,Recovered to 2019 level,1.382868373641972
Kenya,KEN,MCV1,1226915,1216474,1239923,TRUE,2.245857676467771,Recovered to 2019 level,1.0602201456498617
Syria,SYR,MCV1,229250,216636,231673,TRUE,1.192088156017124,Recovered to 2019 level,1.0569247546346783
Mozambique,MOZ,MCV1,898995,854701,904579,TRUE,1.126066735901025,Recovered to 2019 level,0.621138048598713
Botswana,BWA,MCV1,57710,52029,57834,TRUE,1.0218271431086077,Recovered to 2019 level,0.21486744065153354
Mali,MLI,Polio 3,568015,524287,594210,TRUE,1.5990440907427734,Recovered to 2019 level,4.611673987482725
Uganda,UGA,Polio 3,1382637,1358040,1438423,TRUE,3.268000162621458,Recovered to 2019 level,4.034753879724034
United Arab Emirates,ARE,Polio 3,90868,77373,94010,TRUE,1.2328269729529455,Recovered to 2019 level,3.4577629088347934
Benin,BEN,Polio 3,317399,314393,328233,TRUE,4.604125083166999,Recovered to 2019 level,3.4133692922788037
Ghana,GHA,Polio 3,827343,796925,852834,TRUE,1.8380235386941943,Recovered to 2019 level,3.0810679488434665
Kazakhstan,KAZ,Polio 3,379941,350291,390926,TRUE,1.3704890387858348,Recovered to 2019 level,2.89123837648477
Antigua and Barbuda,ATG,Polio 3,975,967,1000,TRUE,4.125,Recovered to 2019 level,2.5641025641025643
Comoros,COM,Polio 3,19958,18473,20386,TRUE,1.2882154882154881,Recovered to 2019 level,2.1445034572602464
Netherlands,NLD,Polio 3,160482,159868,163340,TRUE,5.6547231270358305,Recovered to 2019 level,1.7808850836853978
Nigeria,NGA,Polio 3,3729366,3718625,3779096,TRUE,5.629922726003166,Recovered to 2019 level,1.33347062208429
Kenya,KEN,Polio 3,1254486,1230298,1267787,TRUE,1.549900777244915,Recovered to 2019 level,1.06027488549095
Zambia,ZMB,Polio 3,540077,511418,544835,TRUE,1.1660211451899927,Recovered to 2019 level,0.880985489106183
Nauru,NRU,Polio 3,333,327,335,TRUE,1.3333333333333333,Recovered to 2019 level,0.6006006006006006
Saudi Arabia,SAU,Polio 3,624401,614205,627417,TRUE,1.2958022754021186,Recovered to 2019 level,0.48302292917532164
Pakistan,PAK,Polio 3,4949391,4920123,4958796,TRUE,1.321340713407134,Recovered to 2019 level,0.19002337863385615
Yemen,YEM,Polio 3,629145,625874,630137,TRUE,1.3032711708957505,Recovered to 2019 level,0.15767430401576743
Nepal,NPL,Polio 3,538218,492946,538644,TRUE,1.0094097897154974,Recovered to 2019 level,0.0791500841666388
