entity,code,vaccine,year_2019,year_2020,year_2021,disrupted_2020,recovery_index,recovery_status
Afghanistan,AFG,DTP3,917706,909802,873686,TRUE,-4.569331983805668,Continued decline
Afghanistan,AFG,Polio 3,955944,974788,939874,FALSE,NA,No 2020 decline
Afghanistan,AFG,MCV1,815739,857813,833973,FALSE,NA,No 2020 decline
Albania,ALB,DTP3,28606,27472,27164,TRUE,-0.2716049382716049,Continued decline
Albania,ALB,Polio 3,28606,27472,27164,TRUE,-0.2716049382716049,Continued decline
Albania,ALB,MCV1,27450,25510,24115,TRUE,-0.7190721649484536,Continued decline
Algeria,DZA,DTP3,902670,892681,877730,TRUE,-1.4967464210631696,Continued decline
Algeria,DZA,Polio 3,902670,892681,877730,TRUE,-1.4967464210631696,Continued decline
Algeria,DZA,MCV1,793556,784774,771630,TRUE,-1.4966977909360055,Continued decline
Andorra,AND,DTP3,390,438,421,FALSE,NA,No 2020 decline
Andorra,AND,Polio 3,390,438,416,FALSE,NA,No 2020 decline
Andorra,AND,MCV1,390,433,421,FALSE,NA,No 2020 decline
Angola,AGO,DTP3,669050,612415,553023,TRUE,-1.0486801447867926,Continued decline
Angola,AGO,Polio 3,657312,612415,528445,TRUE,-1.8702808650912088,Continued decline
Angola,AGO,MCV1,598624,528358,442419,TRUE,-1.2230524008766686,Continued decline
Antigua and Barbuda,ATG,DTP3,975,977,1000,FALSE,NA,No 2020 decline
Antigua and Barbuda,ATG,Polio 3,975,967,1000,TRUE,4.125,Recovered to 2019 level
Antigua and Barbuda,ATG,MCV1,954,906,924,TRUE,0.375,Partial recovery
Argentina,ARG,DTP3,570097,489233,488174,TRUE,-0.013096062524732884,Continued decline
Argentina,ARG,Polio 3,570097,489233,475327,TRUE,-0.17196774831816383,Continued decline
Argentina,ARG,MCV1,590703,509067,520291,TRUE,0.13748836297711794,Partial recovery
Armenia,ARM,DTP3,34851,33413,32861,TRUE,-0.38386648122392214,Continued decline
Armenia,ARM,Polio 3,35608,31577,32861,TRUE,0.31853138179111884,Partial recovery
Armenia,ARM,MCV1,35987,34515,33214,TRUE,-0.8838315217391305,Continued decline
Australia,AUS,DTP3,291018,292443,289080,FALSE,NA,No 2020 decline
Australia,AUS,Polio 3,291018,292443,289080,FALSE,NA,No 2020 decline
Australia,AUS,MCV1,287955,286287,282994,TRUE,-1.974220623501199,Continued decline
Austria,AUT,DTP3,74484,72372,71107,TRUE,-0.5989583333333334,Continued decline
Austria,AUT,Polio 3,74484,72372,71107,TRUE,-0.5989583333333334,Continued decline
Austria,AUT,MCV1,83247,80887,79472,TRUE,-0.5995762711864406,Continued decline
Azerbaijan,AZE,DTP3,134020,112347,121888,TRUE,0.4402251649517833,Partial recovery
Azerbaijan,AZE,Polio 3,136871,120879,127366,TRUE,0.40564032016008006,Partial recovery
Azerbaijan,AZE,MCV1,139723,116613,127366,TRUE,0.465296408481177,Partial recovery
Bahamas,BHS,DTP3,4115,3825,3459,TRUE,-1.2620689655172415,Continued decline
Bahamas,BHS,Polio 3,4115,3825,3459,TRUE,-1.2620689655172415,Continued decline
Bahamas,BHS,MCV1,3838,4009,3782,FALSE,NA,No 2020 decline
Bahrain,BHR,DTP3,20401,19704,18524,TRUE,-1.6929698708751793,Continued decline
Bahrain,BHR,Polio 3,20401,19704,18713,TRUE,-1.4218077474892397,Continued decline
Bahrain,BHR,MCV1,20401,19905,18713,TRUE,-2.403225806451613,Continued decline
Bangladesh,BGD,DTP3,2860321,2887581,2893082,FALSE,NA,No 2020 decline
Bangladesh,BGD,Polio 3,2860321,2887581,2893082,FALSE,NA,No 2020 decline
Bangladesh,BGD,MCV1,2831134,2858116,2863560,FALSE,NA,No 2020 decline
Barbados,BRB,DTP3,2716,2563,2471,TRUE,-0.6013071895424836,Continued decline
Barbados,BRB,Polio 3,2746,2563,2532,TRUE,-0.16939890710382513,Continued decline
Barbados,BRB,MCV1,2777,2683,2321,TRUE,-3.851063829787234,Continued decline
Belarus,BLR,DTP3,94683,88815,87932,TRUE,-0.15047716428084526,Continued decline
Belarus,BLR,Polio 3,94683,88815,87035,TRUE,-0.30334014996591685,Continued decline
Belarus,BLR,MCV1,94683,88815,87932,TRUE,-0.15047716428084526,Continued decline
Belgium,BEL,DTP3,116498,114934,114574,TRUE,-0.23017902813299232,Continued decline
Belgium,BEL,Polio 3,117699,116119,114574,TRUE,-0.9778481012658228,Continued decline
Belgium,BEL,MCV1,115297,113749,112236,TRUE,-0.977390180878553,Continued decline
Belize,BLZ,DTP3,7734,6010,5918,TRUE,-0.05336426914153132,Continued decline
Belize,BLZ,Polio 3,7734,6010,5918,TRUE,-0.05336426914153132,Continued decline
Belize,BLZ,MCV1,7576,6239,5633,TRUE,-0.4532535527299925,Continued decline
Benin,BEN,DTP3,321631,310086,332609,TRUE,1.9508878302295365,Recovered to 2019 level
Benin,BEN,Polio 3,317399,314393,328233,TRUE,4.604125083166999,Recovered to 2019 level
Benin,BEN,MCV1,287775,279939,297598,TRUE,2.25357325165901,Recovered to 2019 level
Bhutan,BTN,DTP3,10296,9445,9400,TRUE,-0.052878965922444184,Continued decline
Bhutan,BTN,Polio 3,10296,9544,9400,TRUE,-0.19148936170212766,Continued decline
Bhutan,BTN,MCV1,10296,9246,9304,TRUE,0.05523809523809524,Partial recovery
Bolivia,BOL,DTP3,190865,173210,178672,TRUE,0.3093741149815916,Partial recovery
Bolivia,BOL,Polio 3,190865,173210,178672,TRUE,0.3093741149815916,Partial recovery
Bolivia,BOL,MCV1,201045,188494,191434,TRUE,0.23424428332403793,Partial recovery
Bosnia and Herzegovina,BIH,DTP3,23264,22729,21874,TRUE,-1.5981308411214954,Continued decline
Bosnia and Herzegovina,BIH,Polio 3,23264,22729,21874,TRUE,-1.5981308411214954,Continued decline
Bosnia and Herzegovina,BIH,MCV1,21670,21172,20376,TRUE,-1.5983935742971886,Continued decline
Botswana,BWA,DTP3,56520,56813,56642,FALSE,NA,No 2020 decline
Botswana,BWA,Polio 3,57115,57411,57238,FALSE,NA,No 2020 decline
Botswana,BWA,MCV1,57710,52029,57834,TRUE,1.0218271431086077,Recovered to 2019 level
Brazil,BRA,DTP3,2045330,2225373,1904180,FALSE,NA,No 2020 decline
Brazil,BRA,Polio 3,2483615,2138670,1904180,TRUE,-0.6797895316644682,Continued decline
Brazil,BRA,MCV1,2658929,2283175,2044193,TRUE,-0.6360065361912315,Continued decline
Brunei,BRN,DTP3,6472,6324,6190,TRUE,-0.9054054054054054,Continued decline
Brunei,BRN,Polio 3,6472,6324,6190,TRUE,-0.9054054054054054,Continued decline
Brunei,BRN,MCV1,6341,6324,6190,TRUE,-7.882352941176471,Continued decline
Bulgaria,BGR,DTP3,58354,55748,53195,TRUE,-0.9796623177283192,Continued decline
Bulgaria,BGR,Polio 3,58354,55748,53195,TRUE,-0.9796623177283192,Continued decline
Bulgaria,BGR,MCV1,59609,53911,53195,TRUE,-0.12565812565812565,Continued decline
Burkina Faso,BFA,DTP3,646105,654651,662707,FALSE,NA,No 2020 decline
Burkina Faso,BFA,Polio 3,646105,654651,662707,FALSE,NA,No 2020 decline
Burkina Faso,BFA,MCV1,624804,633069,640859,FALSE,NA,No 2020 decline
Burundi,BDI,DTP3,378778,381536,390502,FALSE,NA,No 2020 decline
Burundi,BDI,Polio 3,378778,381536,390502,FALSE,NA,No 2020 decline
Burundi,BDI,MCV1,374705,369229,373885,TRUE,0.8502556610664719,Partial recovery
Cambodia,KHM,DTP3,300776,297119,294000,TRUE,-0.8528848783155591,Continued decline
Cambodia,KHM,Polio 3,307314,303578,297195,TRUE,-1.7085117773019272,Continued decline
Cambodia,KHM,MCV1,274621,271282,268435,TRUE,-0.8526504941599281,Continued decline
Cameroon,CMR,DTP3,578262,603016,610613,FALSE,NA,No 2020 decline
Cameroon,CMR,Polio 3,586892,611755,619463,FALSE,NA,No 2020 decline
Cameroon,CMR,MCV1,517846,541840,548667,FALSE,NA,No 2020 decline
Canada,CAN,DTP3,344681,345671,344680,FALSE,NA,No 2020 decline
Canada,CAN,Polio 3,348468,345671,344680,TRUE,-0.35430818734358244,Continued decline
Canada,CAN,MCV1,340893,338156,337187,TRUE,-0.35403726708074534,Continued decline
Cape Verde,CPV,DTP3,9870,9266,9191,TRUE,-0.12417218543046357,Continued decline
Cape Verde,CPV,Polio 3,9973,9365,9290,TRUE,-0.12335526315789473,Continued decline
Cape Verde,CPV,MCV1,10075,9465,9389,TRUE,-0.12459016393442623,Continued decline
Central African Republic,CAF,DTP3,80763,83106,85530,FALSE,NA,No 2020 decline
Central African Republic,CAF,Polio 3,88455,91021,93676,FALSE,NA,No 2020 decline
Central African Republic,CAF,MCV1,78841,81128,83494,FALSE,NA,No 2020 decline
Chad,TCD,DTP3,314781,337047,387036,FALSE,NA,No 2020 decline
Chad,TCD,Polio 3,295894,337047,387036,FALSE,NA,No 2020 decline
Chad,TCD,MCV1,258120,304639,367017,FALSE,NA,No 2020 decline
Chile,CHL,DTP3,217875,211658,217395,TRUE,0.9227923435740711,Partial recovery
Chile,CHL,Polio 3,217875,211658,217395,TRUE,0.9227923435740711,Partial recovery
Chile,CHL,MCV1,215605,207106,210530,TRUE,0.4028709259912931,Partial recovery
China,CHN,DTP3,16661734,14807231,13213492,TRUE,-0.8593887418893363,Continued decline
China,CHN,Polio 3,16661734,14807231,13213492,TRUE,-0.8593887418893363,Continued decline
China,CHN,MCV1,16661734,14807231,13213492,TRUE,-0.8593887418893363,Continued decline
Colombia,COL,DTP3,687077,645257,630481,TRUE,-0.353323768531803,Continued decline
Colombia,COL,Polio 3,687077,645257,630481,TRUE,-0.353323768531803,Continued decline
Colombia,COL,MCV1,694386,659922,630481,TRUE,-0.8542537140204272,Continued decline
Comoros,COM,DTP3,20639,19841,19470,TRUE,-0.4649122807017544,Continued decline
Comoros,COM,Polio 3,19958,18473,20386,TRUE,1.2882154882154881,Recovered to 2019 level
Comoros,COM,MCV1,20412,20297,18783,TRUE,-13.165217391304347,Continued decline
Congo,COG,DTP3,133460,123744,131390,TRUE,0.7869493618773158,Partial recovery
Congo,COG,Polio 3,131771,123744,127978,TRUE,0.5274697894605705,Partial recovery
Congo,COG,MCV1,123324,115269,116033,TRUE,0.09484792054624457,Partial recovery
Cook Islands,COK,DTP3,282,276,272,TRUE,-0.6666666666666666,Continued decline
Cook Islands,COK,Polio 3,282,276,272,TRUE,-0.6666666666666666,Continued decline
Cook Islands,COK,MCV1,285,279,275,TRUE,-0.6666666666666666,Continued decline
Costa Rica,CRI,DTP3,65096,64429,62748,TRUE,-2.52023988005997,Continued decline
Costa Rica,CRI,Polio 3,65781,64429,62748,TRUE,-1.2433431952662721,Continued decline
Costa Rica,CRI,MCV1,65096,63101,56410,TRUE,-3.3538847117794486,Continued decline
Cote d'Ivoire,CIV,DTP3,674430,630136,648433,TRUE,0.41308077843500246,Partial recovery
Cote d'Ivoire,CIV,Polio 3,666104,562922,622837,TRUE,0.5806729855982633,Partial recovery
Cote d'Ivoire,CIV,MCV1,607820,554520,580177,TRUE,0.48136960600375234,Partial recovery
Croatia,HRV,DTP3,34632,34507,33034,TRUE,-11.784,Continued decline
Croatia,HRV,Polio 3,34632,34507,33034,TRUE,-11.784,Continued decline
Croatia,HRV,MCV1,34264,33406,31957,TRUE,-1.6888111888111887,Continued decline
Cuba,CUB,DTP3,114299,111860,106212,TRUE,-2.3157031570315705,Continued decline
Cuba,CUB,Polio 3,114299,110730,105139,TRUE,-1.566545250770524,Continued decline
Cuba,CUB,MCV1,114299,110730,106212,TRUE,-1.2659008125525357,Continued decline
Cyprus,CYP,DTP3,12804,12781,12696,TRUE,-3.6956521739130435,Continued decline
Cyprus,CYP,Polio 3,12804,12781,12696,TRUE,-3.6956521739130435,Continued decline
Cyprus,CYP,MCV1,11471,11450,11374,TRUE,-3.619047619047619,Continued decline
Czechia,CZE,DTP3,108713,108289,102355,TRUE,-13.995283018867925,Continued decline
Czechia,CZE,Polio 3,108713,107172,102355,TRUE,-3.125892277741726,Continued decline
Czechia,CZE,MCV1,103109,104940,105621,FALSE,NA,No 2020 decline
Democratic Republic of Congo,COD,DTP3,2530293,2493938,2376935,TRUE,-3.2183468573786276,Continued decline
Democratic Republic of Congo,COD,Polio 3,2564955,2565194,2376935,FALSE,NA,No 2020 decline
Democratic Republic of Congo,COD,MCV1,2253001,2208917,2011253,TRUE,-4.483803647581889,Continued decline
Denmark,DNK,DTP3,59370,59440,59863,FALSE,NA,No 2020 decline
Denmark,DNK,Polio 3,59370,59440,59863,FALSE,NA,No 2020 decline
Denmark,DNK,MCV1,58758,57601,58628,TRUE,0.8876404494382022,Partial recovery
Djibouti,DJI,DTP3,19743,16346,13846,TRUE,-0.7359434795407712,Continued decline
Djibouti,DJI,Polio 3,19743,16346,13846,TRUE,-0.7359434795407712,Continued decline
Djibouti,DJI,MCV1,19278,14478,11734,TRUE,-0.5716666666666667,Continued decline
Dominica,DMA,DTP3,906,897,867,TRUE,-3.3333333333333335,Continued decline
Dominica,DMA,Polio 3,906,897,867,TRUE,-3.3333333333333335,Continued decline
Dominica,DMA,MCV1,842,859,867,FALSE,NA,No 2020 decline
Dominican Republic,DOM,DTP3,183161,167724,169502,TRUE,0.11517781952451901,Partial recovery
Dominican Republic,DOM,Polio 3,189335,163634,167484,TRUE,0.1497996186918797,Partial recovery
Dominican Republic,DOM,MCV1,197567,167724,177573,TRUE,0.33002714204336026,Partial recovery
East Timor,TLS,DTP3,28335,27007,27110,TRUE,0.07756024096385543,Partial recovery
East Timor,TLS,Polio 3,28335,27007,27110,TRUE,0.07756024096385543,Partial recovery
East Timor,TLS,MCV1,26761,24808,24903,TRUE,0.04864311315924219,Partial recovery
Ecuador,ECU,DTP3,254139,208975,214287,TRUE,0.11761580019484545,Partial recovery
Ecuador,ECU,Polio 3,254139,214946,184525,TRUE,-0.7761845227464088,Continued decline
Ecuador,ECU,MCV1,248159,241814,193454,TRUE,-7.621749408983452,Continued decline
Egypt,EGY,DTP3,2384105,2324171,2341780,TRUE,0.2938065205058898,Partial recovery
Egypt,EGY,Polio 3,2384105,2348896,2341780,TRUE,-0.2021074157175722,Continued decline
Egypt,EGY,MCV1,2384105,2324171,2341780,TRUE,0.2938065205058898,Partial recovery
El Salvador,SLV,DTP3,83121,72888,79502,TRUE,0.646340271670087,Partial recovery
El Salvador,SLV,Polio 3,83121,69851,79502,TRUE,0.7272795779954785,Partial recovery
El Salvador,SLV,MCV1,84148,71876,86547,TRUE,1.1954856584093871,Recovered to 2019 level
Equatorial Guinea,GNQ,DTP3,24192,24432,24652,FALSE,NA,No 2020 decline
Equatorial Guinea,GNQ,Polio 3,25105,25354,25583,FALSE,NA,No 2020 decline
Equatorial Guinea,GNQ,MCV1,24192,24432,24652,FALSE,NA,No 2020 decline
Eritrea,ERI,DTP3,91603,92349,93359,FALSE,NA,No 2020 decline
Eritrea,ERI,Polio 3,91603,92349,93359,FALSE,NA,No 2020 decline
Eritrea,ERI,MCV1,89674,90404,91394,FALSE,NA,No 2020 decline
Estonia,EST,DTP3,12939,13066,12662,FALSE,NA,No 2020 decline
Estonia,EST,Polio 3,12939,13066,12521,FALSE,NA,No 2020 decline
Estonia,EST,MCV1,12513,13066,12521,FALSE,NA,No 2020 decline
Eswatini,SWZ,DTP3,25716,23444,21533,TRUE,-0.8411091549295775,Continued decline
Eswatini,SWZ,Polio 3,25430,23162,17059,TRUE,-2.690917107583774,Continued decline
Eswatini,SWZ,MCV1,23144,21467,22372,TRUE,0.5396541443053071,Partial recovery
Ethiopia,ETH,DTP3,2363685,2541637,2384672,FALSE,NA,No 2020 decline
Ethiopia,ETH,Polio 3,2467966,2649031,2494734,FALSE,NA,No 2020 decline
Ethiopia,ETH,MCV1,2016085,2147863,1981112,FALSE,NA,No 2020 decline
Fiji,FJI,DTP3,18086,17834,17595,TRUE,-0.9484126984126984,Continued decline
Fiji,FJI,Polio 3,18086,17834,17595,TRUE,-0.9484126984126984,Continued decline
Fiji,FJI,MCV1,17538,17293,17062,TRUE,-0.9428571428571428,Continued decline
Finland,FIN,DTP3,45060,42398,41314,TRUE,-0.40721262208865516,Continued decline
Finland,FIN,Polio 3,45060,42398,41314,TRUE,-0.40721262208865516,Continued decline
Finland,FIN,MCV1,47536,44754,43171,TRUE,-0.5690150970524802,Continued decline
France,FRA,DTP3,662686,654056,640442,TRUE,-1.5775202780996525,Continued decline
France,FRA,Polio 3,662686,654056,640442,TRUE,-1.5775202780996525,Continued decline
France,FRA,MCV1,635074,626803,613757,TRUE,-1.577318341192117,Continued decline
Gabon,GAB,DTP3,42997,38729,46115,TRUE,1.7305529522024368,Recovered to 2019 level
Gabon,GAB,Polio 3,42997,38114,42426,TRUE,0.8830636903542904,Partial recovery
Gabon,GAB,MCV1,38083,32581,39352,TRUE,1.2306434023991275,Recovered to 2019 level
Gambia,GMB,DTP3,72253,70255,68422,TRUE,-0.9174174174174174,Continued decline
Gambia,GMB,Polio 3,72253,73561,74263,FALSE,NA,No 2020 decline
Gambia,GMB,MCV1,69790,67775,65919,TRUE,-0.9210918114143921,Continued decline
Georgia,GEO,DTP3,51260,45700,41869,TRUE,-0.6890287769784172,Continued decline
Georgia,GEO,Polio 3,51260,45700,41869,TRUE,-0.6890287769784172,Continued decline
Georgia,GEO,MCV1,53987,47258,44332,TRUE,-0.43483429930153067,Continued decline
Germany,DEU,DTP3,722474,716270,706824,TRUE,-1.5225660863958737,Continued decline
Germany,DEU,Polio 3,722474,716270,706824,TRUE,-1.5225660863958737,Continued decline
Germany,DEU,MCV1,770110,763497,753428,TRUE,-1.5226069862392257,Continued decline
Ghana,GHA,DTP3,827343,814250,852834,TRUE,2.9469182005651877,Recovered to 2019 level
Ghana,GHA,Polio 3,827343,796925,852834,TRUE,1.8380235386941943,Recovered to 2019 level
Ghana,GHA,MCV1,784697,762276,818025,TRUE,2.486463583247848,Recovered to 2019 level
Greece,GRC,DTP3,86296,83895,82557,TRUE,-0.5572678050812162,Continued decline
Greece,GRC,Polio 3,86296,83895,82557,TRUE,-0.5572678050812162,Continued decline
Greece,GRC,MCV1,84553,82200,80889,TRUE,-0.5571610709732256,Continued decline
Grenada,GRD,DTP3,1875,1454,1439,TRUE,-0.035629453681710214,Continued decline
Grenada,GRD,Polio 3,1916,1454,1439,TRUE,-0.032467532467532464,Continued decline
Grenada,GRD,MCV1,1916,1676,1658,TRUE,-0.075,Continued decline
Guatemala,GTM,DTP3,337356,321725,297237,TRUE,-1.5666304139210543,Continued decline
Guatemala,GTM,Polio 3,289730,279086,252087,TRUE,-2.5365464111236378,Continued decline
Guatemala,GTM,MCV1,357201,341106,304762,TRUE,-2.2580925753339547,Continued decline
Guinea,GIN,DTP3,195754,197824,200424,FALSE,NA,No 2020 decline
Guinea,GIN,Polio 3,199919,202033,204688,FALSE,NA,No 2020 decline
Guinea,GIN,MCV1,195754,197824,200424,FALSE,NA,No 2020 decline
Guinea-Bissau,GNB,DTP3,45855,43829,40029,TRUE,-1.8756169792694966,Continued decline
Guinea-Bissau,GNB,Polio 3,35273,37314,13741,FALSE,NA,No 2020 decline
Guinea-Bissau,GNB,MCV1,46443,42645,37639,TRUE,-1.3180621379673512,Continued decline
Guyana,GUY,DTP3,15609,15791,14587,FALSE,NA,No 2020 decline
Guyana,GUY,Polio 3,15294,14515,12824,TRUE,-2.1707317073170733,Continued decline
Guyana,GUY,MCV1,15452,15632,15068,FALSE,NA,No 2020 decline
Haiti,HTI,DTP3,130738,130881,131035,FALSE,NA,No 2020 decline
Haiti,HTI,Polio 3,130738,130881,131035,FALSE,NA,No 2020 decline
Haiti,HTI,MCV1,166627,166810,167006,FALSE,NA,No 2020 decline
Honduras,HND,DTP3,185223,169283,163663,TRUE,-0.35257214554579674,Continued decline
Honduras,HND,Polio 3,185223,169283,163663,TRUE,-0.35257214554579674,Continued decline
Honduras,HND,MCV1,187328,173515,172165,TRUE,-0.09773401867805691,Continued decline
Hungary,HUN,DTP3,92638,92010,92291,TRUE,0.44745222929936307,Partial recovery
Hungary,HUN,Polio 3,92638,92010,92291,TRUE,0.44745222929936307,Partial recovery
Hungary,HUN,MCV1,92638,92010,92291,TRUE,0.44745222929936307,Partial recovery
Iceland,ISL,DTP3,3863,4086,4162,FALSE,NA,No 2020 decline
Iceland,ISL,Polio 3,3905,4086,4162,FALSE,NA,No 2020 decline
Iceland,ISL,MCV1,3905,4086,4162,FALSE,NA,No 2020 decline
India,IND,DTP3,21323133,19674515,19283821,TRUE,-0.2369827334167163,Continued decline
India,IND,Polio 3,21088813,19674515,19283821,TRUE,-0.2762458831165709,Continued decline
India,IND,MCV1,22260413,20600374,20191295,TRUE,-0.2464273429720627,Continued decline
Indonesia,IDN,DTP3,3834111,3447666,2981983,TRUE,-1.2050434085057382,Continued decline
Indonesia,IDN,Polio 3,3834111,3402891,3026490,TRUE,-0.8728746347572005,Continued decline
Indonesia,IDN,MCV1,3969433,3402891,3204519,TRUE,-0.3501452672529133,Continued decline
Iran,IRN,DTP3,1489279,1359407,1233322,TRUE,-0.9708405198965135,Continued decline
Iran,IRN,Polio 3,1489279,1359407,1233322,TRUE,-0.9708405198965135,Continued decline
Iran,IRN,MCV1,1489279,1359407,1245907,TRUE,-0.8739374153012197,Continued decline
Iraq,IRQ,DTP3,943025,839617,895728,TRUE,0.542617592449327,Partial recovery
Iraq,IRQ,Polio 3,954252,885001,895728,TRUE,0.15490029024851626,Partial recovery
Iraq,IRQ,MCV1,920572,862309,861277,TRUE,-0.017712785129498997,Continued decline
Ireland,IRL,DTP3,57972,56725,56141,TRUE,-0.46832397754611066,Continued decline
Ireland,IRL,Polio 3,57972,56725,56141,TRUE,-0.46832397754611066,Continued decline
Ireland,IRL,MCV1,56122,55518,53752,TRUE,-2.923841059602649,Continued decline
Israel,ISR,DTP3,171977,176328,176167,FALSE,NA,No 2020 decline
Israel,ISR,Polio 3,171977,176328,176167,FALSE,NA,No 2020 decline
Israel,ISR,MCV1,173732,178128,177964,FALSE,NA,No 2020 decline
Italy,ITA,DTP3,428412,400400,387792,TRUE,-0.4500928173639869,Continued decline
Italy,ITA,Polio 3,428412,400400,387792,TRUE,-0.4500928173639869,Continued decline
Italy,ITA,MCV1,419486,391880,379541,TRUE,-0.44696805042382093,Continued decline
Jamaica,JAM,DTP3,32988,32100,29729,TRUE,-2.670045045045045,Continued decline
Jamaica,JAM,Polio 3,32988,31766,29729,TRUE,-1.6669394435351883,Continued decline
Jamaica,JAM,MCV1,32300,31097,29068,TRUE,-1.686616791354946,Continued decline
Japan,JPN,DTP3,856370,806526,791993,TRUE,-0.2915696974560629,Continued decline
Japan,JPN,Polio 3,856370,806526,791993,TRUE,-0.2915696974560629,Continued decline
Japan,JPN,MCV1,838893,823328,808493,TRUE,-0.953099903629939,Continued decline
Jordan,JOR,DTP3,211332,183847,184781,TRUE,0.03398217209386938,Partial recovery
Jordan,JOR,Polio 3,206583,181459,182381,TRUE,0.03669797802897628,Partial recovery
Jordan,JOR,MCV1,206583,181459,182381,TRUE,0.03669797802897628,Partial recovery
Kazakhstan,KAZ,DTP3,379941,350291,390926,TRUE,1.3704890387858348,Recovered to 2019 level
Kazakhstan,KAZ,Polio 3,379941,350291,390926,TRUE,1.3704890387858348,Recovered to 2019 level
Kazakhstan,KAZ,MCV1,387775,370194,399156,TRUE,1.64734656731699,Recovered to 2019 level
Kenya,KEN,DTP3,1254486,1230298,1267787,TRUE,1.549900777244915,Recovered to 2019 level
Kenya,KEN,Polio 3,1254486,1230298,1267787,TRUE,1.549900777244915,Recovered to 2019 level
Kenya,KEN,MCV1,1226915,1216474,1239923,TRUE,2.245857676467771,Recovered to 2019 level
Kiribati,KIR,DTP3,3223,3077,3085,TRUE,0.0547945205479452,Partial recovery
Kiribati,KIR,Polio 3,3124,3044,3051,TRUE,0.0875,Partial recovery
Kiribati,KIR,MCV1,3124,2743,2682,TRUE,-0.16010498687664043,Continued decline
Kuwait,KWT,DTP3,51940,48611,46652,TRUE,-0.5884650045058576,Continued decline
Kuwait,KWT,Polio 3,54762,49656,46652,TRUE,-0.5883274578926753,Continued decline
Kuwait,KWT,MCV1,54762,49656,46652,TRUE,-0.5883274578926753,Continued decline
Kyrgyzstan,KGZ,DTP3,156120,143869,143302,TRUE,-0.04628193616847604,Continued decline
Kyrgyzstan,KGZ,Polio 3,157764,143869,144913,TRUE,0.07513494062612451,Partial recovery
Kyrgyzstan,KGZ,MCV1,157764,152138,149743,TRUE,-0.4257020974049058,Continued decline
Laos,LAO,DTP3,126965,124942,118496,TRUE,-3.1863568956994563,Continued decline
Laos,LAO,Polio 3,126965,123361,116916,TRUE,-1.7882907880133185,Continued decline
Laos,LAO,MCV1,131726,124942,115336,TRUE,-1.4159787735849056,Continued decline
Latvia,LVA,DTP3,19305,18266,16477,TRUE,-1.7218479307025987,Continued decline
Latvia,LVA,Polio 3,19305,18266,16477,TRUE,-1.7218479307025987,Continued decline
Latvia,LVA,MCV1,19305,18266,17003,TRUE,-1.2155919153031762,Continued decline
Lebanon,LBN,DTP3,79038,61744,55675,TRUE,-0.35093095871400487,Continued decline
Lebanon,LBN,Polio 3,77134,58265,53182,TRUE,-0.26938364513222746,Continued decline
Lebanon,LBN,MCV1,78086,64353,55675,TRUE,-0.6319085414694532,Continued decline
Lesotho,LSO,DTP3,48133,48032,47950,TRUE,-0.8118811881188119,Continued decline
Lesotho,LSO,Polio 3,48133,48032,47950,TRUE,-0.8118811881188119,Continued decline
Lesotho,LSO,MCV1,49792,49688,49604,TRUE,-0.8076923076923077,Continued decline
Liberia,LBR,DTP3,103975,97192,99333,TRUE,0.3156420462922011,Partial recovery
Liberia,LBR,Polio 3,102490,100182,96323,TRUE,-1.6720103986135182,Continued decline
Liberia,LBR,MCV1,101004,91211,87292,TRUE,-0.40018380475850096,Continued decline
Libya,LBY,DTP3,90911,89516,88422,TRUE,-0.7842293906810036,Continued decline
Libya,LBY,Polio 3,90911,89516,88422,TRUE,-0.7842293906810036,Continued decline
Libya,LBY,MCV1,90911,89516,88422,TRUE,-0.7842293906810036,Continued decline
Lithuania,LTU,DTP3,26568,25525,24570,TRUE,-0.9156279961649089,Continued decline
Lithuania,LTU,Polio 3,26568,25525,24570,TRUE,-0.9156279961649089,Continued decline
Lithuania,LTU,MCV1,26857,25244,24024,TRUE,-0.7563546187228767,Continued decline
Luxembourg,LUX,DTP3,6455,6524,6511,FALSE,NA,No 2020 decline
Luxembourg,LUX,Polio 3,6455,6524,6511,FALSE,NA,No 2020 decline
Luxembourg,LUX,MCV1,6455,6524,6511,FALSE,NA,No 2020 decline
Madagascar,MDG,DTP3,558305,549757,464788,TRUE,-9.9402199344876,Continued decline
Madagascar,MDG,Polio 3,541884,533098,439436,TRUE,-10.660368768495333,Continued decline
Madagascar,MDG,MCV1,451570,416482,329577,TRUE,-2.4767726858185135,Continued decline
Malawi,MWI,DTP3,567428,571508,575679,FALSE,NA,No 2020 decline
Malawi,MWI,Polio 3,561455,565428,550919,FALSE,NA,No 2020 decline
Malawi,MWI,MCV1,549510,547188,557109,TRUE,4.272609819121447,Recovered to 2019 level
Malaysia,MYS,DTP3,507475,501547,483331,TRUE,-3.0728744939271255,Continued decline
Malaysia,MYS,Polio 3,507475,501547,483331,TRUE,-3.0728744939271255,Continued decline
Malaysia,MYS,MCV1,502297,486194,488418,TRUE,0.13811091101037073,Partial recovery
Maldives,MDV,DTP3,7518,7525,7212,FALSE,NA,No 2020 decline
Maldives,MDV,Polio 3,7594,7525,7288,TRUE,-3.4347826086956523,Continued decline
Maldives,MDV,MCV1,7594,7525,7438,TRUE,-1.2608695652173914,Continued decline
Mali,MLI,DTP3,607461,564616,635475,TRUE,1.653845256155911,Recovered to 2019 level
Mali,MLI,Polio 3,568015,524287,594210,TRUE,1.5990440907427734,Recovered to 2019 level
Mali,MLI,MCV1,552237,500089,577704,TRUE,1.488360052159239,Recovered to 2019 level
Malta,MLT,DTP3,4501,4444,4500,TRUE,0.9824561403508771,Partial recovery
Malta,MLT,Polio 3,4501,4444,4500,TRUE,0.9824561403508771,Partial recovery
Malta,MLT,MCV1,4409,4308,4090,TRUE,-2.1584158415841586,Continued decline
Marshall Islands,MHL,DTP3,773,753,740,TRUE,-0.65,Continued decline
Marshall Islands,MHL,Polio 3,763,753,731,TRUE,-2.2,Continued decline
Marshall Islands,MHL,MCV1,831,817,731,TRUE,-6.142857142857143,Continued decline
Mauritania,MRT,DTP3,109565,100342,96334,TRUE,-0.43456575951425785,Continued decline
Mauritania,MRT,Polio 3,102717,98948,93501,TRUE,-1.4452109312815071,Continued decline
Mauritania,MRT,MCV1,102717,97555,89251,TRUE,-1.6086788066640836,Continued decline
Mauritius,MUS,DTP3,12866,12243,12124,TRUE,-0.19101123595505617,Continued decline
Mauritius,MUS,Polio 3,13000,12375,12256,TRUE,-0.1904,Continued decline
Mauritius,MUS,MCV1,13268,11717,10147,TRUE,-1.0122501611863315,Continued decline
Mexico,MEX,DTP3,1656866,1413379,1512021,TRUE,0.4051222447194306,Partial recovery
Mexico,MEX,Polio 3,1656866,1413379,1512021,TRUE,0.4051222447194306,Partial recovery
Mexico,MEX,MCV1,1475015,1805984,1919104,FALSE,NA,No 2020 decline
Micronesia (country),FSM,DTP3,1780,1890,1640,FALSE,NA,No 2020 decline
Micronesia (country),FSM,Polio 3,1780,1867,1640,FALSE,NA,No 2020 decline
Micronesia (country),FSM,MCV1,1780,1799,1458,FALSE,NA,No 2020 decline
Moldova,MDA,DTP3,38476,34838,33675,TRUE,-0.31968114348543153,Continued decline
Moldova,MDA,Polio 3,39744,35243,34062,TRUE,-0.26238613641413017,Continued decline
Moldova,MDA,MCV1,41013,34028,32127,TRUE,-0.2721546170365068,Continued decline
Monaco,MCO,DTP3,329,330,323,FALSE,NA,No 2020 decline
Monaco,MCO,Polio 3,329,330,323,FALSE,NA,No 2020 decline
Monaco,MCO,MCV1,292,293,287,FALSE,NA,No 2020 decline
Mongolia,MNG,DTP3,76165,73796,70590,TRUE,-1.3533136344449135,Continued decline
Mongolia,MNG,Polio 3,76165,74565,72076,TRUE,-1.555625,Continued decline
Mongolia,MNG,MCV1,76165,74565,70590,TRUE,-2.484375,Continued decline
Montenegro,MNE,DTP3,6413,6225,5993,TRUE,-1.2340425531914894,Continued decline
Montenegro,MNE,Polio 3,6413,6225,5993,TRUE,-1.2340425531914894,Continued decline
Montenegro,MNE,MCV1,2490,1779,1300,TRUE,-0.6736990154711674,Continued decline
Morocco,MAR,DTP3,661365,652307,643279,TRUE,-0.9966880105983661,Continued decline
Morocco,MAR,Polio 3,661365,652307,643279,TRUE,-0.9966880105983661,Continued decline
Morocco,MAR,MCV1,661365,652307,643279,TRUE,-0.9966880105983661,Continued decline
Mozambique,MOZ,DTP3,909329,833597,656897,TRUE,-2.3332276976707336,Continued decline
Mozambique,MOZ,Polio 3,909329,770286,721510,TRUE,-0.3507979545895874,Continued decline
Mozambique,MOZ,MCV1,898995,854701,904579,TRUE,1.126066735901025,Recovered to 2019 level
Myanmar,MMR,DTP3,814993,757457,331856,TRUE,-7.397125278086763,Continued decline
Myanmar,MMR,Polio 3,814993,775492,385671,TRUE,-9.86863623705729,Continued decline
Myanmar,MMR,MCV1,760660,820579,394640,FALSE,NA,No 2020 decline
Namibia,NAM,DTP3,58221,62347,62363,FALSE,NA,No 2020 decline
Namibia,NAM,Polio 3,56214,61677,61692,FALSE,NA,No 2020 decline
Namibia,NAM,MCV1,53537,60336,60351,FALSE,NA,No 2020 decline
Nauru,NRU,DTP3,333,327,335,TRUE,1.3333333333333333,Recovered to 2019 level
Nauru,NRU,Polio 3,333,327,335,TRUE,1.3333333333333333,Recovered to 2019 level
Nauru,NRU,MCV1,330,337,335,FALSE,NA,No 2020 decline
Nepal,NPL,DTP3,544069,492946,538644,TRUE,0.8938833793009018,Partial recovery
Nepal,NPL,Polio 3,538218,492946,538644,TRUE,1.0094097897154974,Recovered to 2019 level
Nepal,NPL,MCV1,538218,510552,532724,TRUE,0.801416901612087,Partial recovery
Netherlands,NLD,DTP3,160482,159868,163340,TRUE,5.6547231270358305,Recovered to 2019 level
Netherlands,NLD,Polio 3,160482,159868,163340,TRUE,5.6547231270358305,Recovered to 2019 level
Netherlands,NLD,MCV1,160482,159868,159901,TRUE,0.05374592833876222,Partial recovery
New Zealand,NZL,DTP3,55440,55457,56042,FALSE,NA,No 2020 decline
New Zealand,NZL,Polio 3,55440,55457,56042,FALSE,NA,No 2020 decline
New Zealand,NZL,MCV1,55440,54854,56665,TRUE,3.090443686006826,Recovered to 2019 level
Nicaragua,NIC,DTP3,137488,128685,121234,TRUE,-0.8464159945473134,Continued decline
Nicaragua,NIC,Polio 3,138891,130084,122627,TRUE,-0.8467128420574543,Continued decline
Nicaragua,NIC,MCV1,138891,135679,115660,TRUE,-6.232565379825654,Continued decline
Niger,NER,DTP3,785054,812428,850348,FALSE,NA,No 2020 decline
Niger,NER,Polio 3,785054,812428,850348,FALSE,NA,No 2020 decline
Niger,NER,MCV1,765670,792368,829608,FALSE,NA,No 2020 decline
Nigeria,NGA,DTP3,3867491,3929113,3993007,FALSE,NA,No 2020 decline
Nigeria,NGA,Polio 3,3729366,3718625,3779096,TRUE,5.629922726003166,Recovered to 2019 level
Nigeria,NGA,MCV1,3936553,4139601,4206918,FALSE,NA,No 2020 decline
Niue,NIU,DTP3,27,27,27,FALSE,NA,No 2020 decline
Niue,NIU,Polio 3,27,27,27,FALSE,NA,No 2020 decline
Niue,NIU,MCV1,27,27,27,FALSE,NA,No 2020 decline
North Korea,PRK,DTP3,329763,331230,139922,FALSE,NA,No 2020 decline
North Korea,PRK,Polio 3,333163,239032,0,TRUE,-2.5393547290478162,Continued decline
North Korea,PRK,MCV1,333163,338059,143335,FALSE,NA,No 2020 decline
North Macedonia,MKD,DTP3,20034,17586,16398,TRUE,-0.4852941176470588,Continued decline
North Macedonia,MKD,Polio 3,20034,17586,16398,TRUE,-0.4852941176470588,Continued decline
North Macedonia,MKD,MCV1,16332,13190,14172,TRUE,0.31253978357733925,Partial recovery
Norway,NOR,DTP3,55083,53955,52620,TRUE,-1.1835106382978724,Continued decline
Norway,NOR,Polio 3,55083,53955,52620,TRUE,-1.1835106382978724,Continued decline
Norway,NOR,MCV1,55083,53955,52620,TRUE,-1.1835106382978724,Continued decline
Oman,OMN,DTP3,86920,87200,86611,FALSE,NA,No 2020 decline
Oman,OMN,Polio 3,86920,87200,86611,FALSE,NA,No 2020 decline
Oman,OMN,MCV1,86920,87200,86611,FALSE,NA,No 2020 decline
Pakistan,PAK,DTP3,4949391,4564451,4958796,TRUE,1.024432379072063,Recovered to 2019 level
Pakistan,PAK,Polio 3,4949391,4920123,4958796,TRUE,1.321340713407134,Recovered to 2019 level
Pakistan,PAK,MCV1,4772627,4920123,4839307,FALSE,NA,No 2020 decline
Palau,PLW,DTP3,245,262,259,FALSE,NA,No 2020 decline
Palau,PLW,Polio 3,245,262,259,FALSE,NA,No 2020 decline
Palau,PLW,MCV1,245,254,254,FALSE,NA,No 2020 decline
Palestine,PSE,DTP3,141130,139400,135178,TRUE,-2.440462427745665,Continued decline
Palestine,PSE,Polio 3,141130,139400,135178,TRUE,-2.440462427745665,Continued decline
Palestine,PSE,MCV1,141130,140823,139447,TRUE,-4.482084690553746,Continued decline
Panama,PAN,DTP3,68429,56820,56290,TRUE,-0.045654233784133,Continued decline
Panama,PAN,Polio 3,68429,56820,56290,TRUE,-0.045654233784133,Continued decline
Panama,PAN,MCV1,75427,61427,60854,TRUE,-0.040928571428571425,Continued decline
Papua New Guinea,PNG,DTP3,83908,94240,75445,FALSE,NA,No 2020 decline
Papua New Guinea,PNG,Polio 3,100690,99073,77878,TRUE,-13.10760667903525,Continued decline
Papua New Guinea,PNG,MCV1,88703,113571,92481,FALSE,NA,No 2020 decline
Paraguay,PRY,DTP3,117761,108052,95492,TRUE,-1.2936450715830672,Continued decline
Paraguay,PRY,Polio 3,115022,106684,90035,TRUE,-1.9967618133845046,Continued decline
Paraguay,PRY,MCV1,119130,109420,92764,TRUE,-1.7153450051493306,Continued decline
Peru,PER,DTP3,508517,420436,482521,TRUE,0.7048625696801808,Partial recovery
Peru,PER,Polio 3,502738,420436,464868,TRUE,0.5398653738669777,Partial recovery
Peru,PER,MCV1,491181,449633,458983,TRUE,0.22504091653027825,Partial recovery
Philippines,PHL,DTP3,1681885,1695449,1371876,FALSE,NA,No 2020 decline
Philippines,PHL,Polio 3,1847705,1719329,1347808,TRUE,-2.8940066679130054,Continued decline
Philippines,PHL,MCV1,1776639,1719329,1371876,TRUE,-6.062694119699878,Continued decline
Poland,POL,DTP3,380448,336633,327866,TRUE,-0.20009129293620906,Continued decline
Poland,POL,Polio 3,348411,340374,331508,TRUE,-1.1031479407739206,Continued decline
Poland,POL,MCV1,372439,299230,291436,TRUE,-0.10646232020653199,Continued decline
Portugal,PRT,DTP3,86111,86473,85235,FALSE,NA,No 2020 decline
Portugal,PRT,Polio 3,86111,86473,85235,FALSE,NA,No 2020 decline
Portugal,PRT,MCV1,86111,86473,84374,FALSE,NA,No 2020 decline
Qatar,QAT,DTP3,29104,26537,28351,TRUE,0.7066614725360343,Partial recovery
Qatar,QAT,Polio 3,29401,26537,28351,TRUE,0.6333798882681564,Partial recovery
Qatar,QAT,MCV1,29401,26835,28641,TRUE,0.7038191738113796,Partial recovery
Romania,ROU,DTP3,187040,179148,172277,TRUE,-0.8706284845413077,Continued decline
Romania,ROU,Polio 3,187040,179148,172277,TRUE,-0.8706284845413077,Continued decline
Romania,ROU,MCV1,191291,179148,172277,TRUE,-0.565840401877625,Continued decline
Russia,RUS,DTP3,1599861,1502757,1421975,TRUE,-0.83191217663536,Continued decline
Russia,RUS,Polio 3,1583367,1502757,1421975,TRUE,-1.0021337303064135,Continued decline
Russia,RUS,MCV1,1616354,1502757,1421975,TRUE,-0.7111279347165859,Continued decline
Rwanda,RWA,DTP3,366334,345393,337797,TRUE,-0.36273339382073444,Continued decline
Rwanda,RWA,Polio 3,366334,345393,337797,TRUE,-0.36273339382073444,Continued decline
Rwanda,RWA,MCV1,358858,356780,333958,TRUE,-10.982675649663138,Continued decline
Saint Kitts and Nevis,KNA,DTP3,599,599,569,FALSE,NA,No 2020 decline
Saint Kitts and Nevis,KNA,Polio 3,599,599,569,FALSE,NA,No 2020 decline
Saint Kitts and Nevis,KNA,MCV1,599,575,569,TRUE,-0.25,Continued decline
Saint Lucia,LCA,DTP3,1942,1803,1661,TRUE,-1.0215827338129497,Continued decline
Saint Lucia,LCA,Polio 3,1921,1844,1557,TRUE,-3.727272727272727,Continued decline
Saint Lucia,LCA,MCV1,2027,1865,1599,TRUE,-1.6419753086419753,Continued decline
Saint Vincent and the Grenadines,VCT,DTP3,1405,1357,1322,TRUE,-0.7291666666666666,Continued decline
Saint Vincent and the Grenadines,VCT,Polio 3,1434,1385,1349,TRUE,-0.7346938775510204,Continued decline
Saint Vincent and the Grenadines,VCT,MCV1,1434,1385,1349,TRUE,-0.7346938775510204,Continued decline
Samoa,WSM,DTP3,3985,5203,4972,FALSE,NA,No 2020 decline
Samoa,WSM,Polio 3,3985,5203,4679,FALSE,NA,No 2020 decline
Samoa,WSM,MCV1,5627,3858,3626,TRUE,-0.13114754098360656,Continued decline
San Marino,SMR,DTP3,194,188,186,TRUE,-0.3333333333333333,Continued decline
San Marino,SMR,Polio 3,194,188,186,TRUE,-0.3333333333333333,Continued decline
San Marino,SMR,MCV1,190,190,184,FALSE,NA,No 2020 decline
Sao Tome and Principe,STP,DTP3,5763,5823,5913,FALSE,NA,No 2020 decline
Sao Tome and Principe,STP,Polio 3,5763,5702,5669,TRUE,-0.5409836065573771,Continued decline
Sao Tome and Principe,STP,MCV1,5763,5217,4694,TRUE,-0.9578754578754579,Continued decline
Saudi Arabia,SAU,DTP3,617964,614205,627417,TRUE,3.514764565043895,Recovered to 2019 level
Saudi Arabia,SAU,Polio 3,624401,614205,627417,TRUE,1.2958022754021186,Recovered to 2019 level
Saudi Arabia,SAU,MCV1,611526,620671,633886,FALSE,NA,No 2020 decline
Senegal,SEN,DTP3,482576,470327,445673,TRUE,-2.0127357335292677,Continued decline
Senegal,SEN,Polio 3,452098,434148,408970,TRUE,-1.402674094707521,Continued decline
Senegal,SEN,MCV1,452098,454822,456159,FALSE,NA,No 2020 decline
Serbia,SRB,DTP3,67451,63695,63295,TRUE,-0.10649627263045794,Continued decline
Serbia,SRB,Polio 3,67451,63695,63295,TRUE,-0.10649627263045794,Continued decline
Serbia,SRB,MCV1,60497,54003,53663,TRUE,-0.05235602094240838,Continued decline
Seychelles,SYC,DTP3,1721,1656,1573,TRUE,-1.2769230769230768,Continued decline
Seychelles,SYC,Polio 3,1721,1656,1573,TRUE,-1.2769230769230768,Continued decline
Seychelles,SYC,MCV1,1721,1656,1573,TRUE,-1.2769230769230768,Continued decline
Sierra Leone,SLE,DTP3,224735,217747,221956,TRUE,0.6023182598740698,Partial recovery
Sierra Leone,SLE,Polio 3,224735,215354,217131,TRUE,0.18942543438865792,Partial recovery
Sierra Leone,SLE,MCV1,220004,208175,209894,TRUE,0.14532082170935837,Partial recovery
Singapore,SGP,DTP3,49160,51527,46464,FALSE,NA,No 2020 decline
Singapore,SGP,Polio 3,49160,51527,46464,FALSE,NA,No 2020 decline
Singapore,SGP,MCV1,48648,50990,45980,FALSE,NA,No 2020 decline
Slovakia,SVK,DTP3,57600,56794,54976,TRUE,-2.2555831265508686,Continued decline
Slovakia,SVK,Polio 3,57600,56794,54976,TRUE,-2.2555831265508686,Continued decline
Slovakia,SVK,MCV1,57006,56208,53842,TRUE,-2.9649122807017543,Continued decline
Slovenia,SVN,DTP3,19569,19174,16942,TRUE,-5.650632911392405,Continued decline
Slovenia,SVN,Polio 3,19569,19174,16942,TRUE,-5.650632911392405,Continued decline
Slovenia,SVN,MCV1,19363,18972,18715,TRUE,-0.6572890025575447,Continued decline
Solomon Islands,SLB,DTP3,18903,19078,17804,FALSE,NA,No 2020 decline
Solomon Islands,SLB,Polio 3,18702,18672,17190,TRUE,-49.4,Continued decline
Solomon Islands,SLB,MCV1,16289,16440,13711,FALSE,NA,No 2020 decline
Somalia,SOM,DTP3,264075,271459,278017,FALSE,NA,No 2020 decline
Somalia,SOM,Polio 3,295512,303776,311115,FALSE,NA,No 2020 decline
Somalia,SOM,MCV1,289225,297312,304495,FALSE,NA,No 2020 decline
South Africa,ZAF,DTP3,986230,1001235,1019286,FALSE,NA,No 2020 decline
South Africa,ZAF,Polio 3,986230,1001235,1019286,FALSE,NA,No 2020 decline
South Africa,ZAF,MCV1,963024,1001235,1031138,FALSE,NA,No 2020 decline
South Korea,KOR,DTP3,342788,315461,295505,TRUE,-0.7302667691294324,Continued decline
South Korea,KOR,Polio 3,342788,315461,295505,TRUE,-0.7302667691294324,Continued decline
South Korea,KOR,MCV1,342788,315461,295505,TRUE,-0.7302667691294324,Continued decline
South Sudan,SSD,DTP3,149601,140334,139425,TRUE,-0.09808999676270638,Continued decline
South Sudan,SSD,Polio 3,152654,143198,142270,TRUE,-0.09813874788494077,Continued decline
South Sudan,SSD,MCV1,149601,140334,139425,TRUE,-0.09808999676270638,Continued decline
Spain,ESP,DTP3,369029,348624,325640,TRUE,-1.126390590541534,Continued decline
Spain,ESP,Polio 3,369029,348624,325640,TRUE,-1.126390590541534,Continued decline
Spain,ESP,MCV1,380683,356042,336259,TRUE,-0.8028489103526643,Continued decline
Sri Lanka,LKA,DTP3,315339,300386,295542,TRUE,-0.3239483715642346,Continued decline
Sri Lanka,LKA,Polio 3,315339,300386,295542,TRUE,-0.3239483715642346,Continued decline
Sri Lanka,LKA,MCV1,315339,300386,298620,TRUE,-0.11810339062395506,Continued decline
Sudan,SDN,DTP3,1301790,1284376,1216818,TRUE,-3.8795222234983346,Continued decline
Sudan,SDN,Polio 3,1301790,1284376,1231304,TRUE,-3.04766280004594,Continued decline
Sudan,SDN,MCV1,1259797,1227292,1173360,TRUE,-1.6591908937086601,Continued decline
Suriname,SUR,DTP3,8340,5536,7841,TRUE,0.822039942938659,Partial recovery
Suriname,SUR,Polio 3,8232,5536,7841,TRUE,0.8549703264094956,Partial recovery
Suriname,SUR,MCV1,6932,4884,6316,TRUE,0.69921875,Partial recovery
Sweden,SWE,DTP3,115930,114229,114043,TRUE,-0.10934744268077601,Continued decline
Sweden,SWE,Polio 3,115930,114229,114043,TRUE,-0.10934744268077601,Continued decline
Sweden,SWE,MCV1,114747,114229,112879,TRUE,-2.606177606177606,Continued decline
Switzerland,CHE,DTP3,84041,83570,82075,TRUE,-3.1740976645435244,Continued decline
Switzerland,CHE,Polio 3,84041,83570,82075,TRUE,-3.1740976645435244,Continued decline
Switzerland,CHE,MCV1,83166,84440,81220,FALSE,NA,No 2020 decline
Syria,SYR,DTP3,190454,179918,188480,TRUE,0.8126423690205011,Partial recovery
Syria,SYR,Polio 3,211616,194605,204186,TRUE,0.5632237963670567,Partial recovery
Syria,SYR,MCV1,229250,216636,231673,TRUE,1.192088156017124,Recovered to 2019 level
Tajikistan,TJK,DTP3,244515,247433,248013,FALSE,NA,No 2020 decline
Tajikistan,TJK,Polio 3,244515,247433,248013,FALSE,NA,No 2020 decline
Tajikistan,TJK,MCV1,247035,249984,248013,FALSE,NA,No 2020 decline
Tanzania,TZA,DTP3,1843529,1818335,1747211,TRUE,-2.823053107882829,Continued decline
Tanzania,TZA,Polio 3,1843529,1374323,1509936,TRUE,0.28902656828770307,Partial recovery
Tanzania,TZA,MCV1,1822815,1776048,1639359,TRUE,-2.9227660529860797,Continued decline
Thailand,THA,DTP3,671079,652577,638054,TRUE,-0.7849421684142255,Continued decline
Thailand,THA,Polio 3,671079,652577,638054,TRUE,-0.7849421684142255,Continued decline
Thailand,THA,MCV1,664161,645850,631476,TRUE,-0.7849926273824477,Continued decline
Togo,TGO,DTP3,211707,209226,214343,TRUE,2.0624748085449416,Recovered to 2019 level
Togo,TGO,Polio 3,196585,204123,209178,FALSE,NA,No 2020 decline
Togo,TGO,MCV1,189024,176056,180772,TRUE,0.3636644046884639,Partial recovery
Tonga,TON,DTP3,2455,2423,2400,TRUE,-0.71875,Continued decline
Tonga,TON,Polio 3,2455,2423,2400,TRUE,-0.71875,Continued decline
Tonga,TON,MCV1,2455,2423,2400,TRUE,-0.71875,Continued decline
Trinidad and Tobago,TTO,DTP3,17517,17754,17065,FALSE,NA,No 2020 decline
Trinidad and Tobago,TTO,Polio 3,17517,17199,17065,TRUE,-0.42138364779874216,Continued decline
Trinidad and Tobago,TTO,MCV1,18648,16830,16883,TRUE,0.029152915291529153,Partial recovery
Tunisia,TUN,DTP3,207722,200722,196078,TRUE,-0.6634285714285715,Continued decline
Tunisia,TUN,Polio 3,207722,200722,196078,TRUE,-0.6634285714285715,Continued decline
Tunisia,TUN,MCV1,207722,202791,192035,TRUE,-2.1813019671466236,Continued decline
Turkey,TUR,DTP3,1362429,1290394,1206191,TRUE,-1.1689178871381967,Continued decline
Turkey,TUR,Polio 3,1362429,1290394,1206191,TRUE,-1.1689178871381967,Continued decline
Turkey,TUR,MCV1,1334905,1250893,1218888,TRUE,-0.38095748226443843,Continued decline
Turkmenistan,TKM,DTP3,138752,135000,131268,TRUE,-0.9946695095948828,Continued decline
Turkmenistan,TKM,Polio 3,138752,135000,131268,TRUE,-0.9946695095948828,Continued decline
Turkmenistan,TKM,MCV1,138752,135000,131268,TRUE,-0.9946695095948828,Continued decline
Tuvalu,TUV,DTP3,229,240,240,FALSE,NA,No 2020 decline
Tuvalu,TUV,Polio 3,229,228,222,TRUE,-6,Continued decline
Tuvalu,TUV,MCV1,239,235,237,TRUE,0.5,Partial recovery
Uganda,UGA,DTP3,1397665,1373472,1438423,TRUE,2.684702186582896,Recovered to 2019 level
Uganda,UGA,Polio 3,1382637,1358040,1438423,TRUE,3.268000162621458,Recovered to 2019 level
Uganda,UGA,MCV1,1307493,1373472,1422616,FALSE,NA,No 2020 decline
Ukraine,UKR,DTP3,293842,285041,268476,TRUE,-1.8821724803999547,Continued decline
Ukraine,UKR,Polio 3,286496,295599,268476,FALSE,NA,No 2020 decline
Ukraine,UKR,MCV1,341592,299118,302896,TRUE,0.08894853322032302,Partial recovery
United Arab Emirates,ARE,DTP3,94694,87044,94010,TRUE,0.9105882352941177,Partial recovery
United Arab Emirates,ARE,Polio 3,90868,77373,94010,TRUE,1.2328269729529455,Recovered to 2019 level
United Arab Emirates,ARE,MCV1,94694,95749,96948,FALSE,NA,No 2020 decline
United Kingdom,GBR,DTP3,696318,673774,648861,TRUE,-1.105083392476934,Continued decline
United Kingdom,GBR,Polio 3,696318,673774,648861,TRUE,-1.105083392476934,Continued decline
United Kingdom,GBR,MCV1,681343,659284,634907,TRUE,-1.1050818260120585,Continued decline
United States,USA,DTP3,3657718,3557918,3473239,TRUE,-0.8484869739478957,Continued decline
United States,USA,Polio 3,3618806,3519661,3435893,TRUE,-0.8449039285894397,Continued decline
United States,USA,MCV1,3502070,3481403,3398546,TRUE,-4.0091450137901,Continued decline
Uruguay,URY,DTP3,38605,35095,32076,TRUE,-0.8601139601139601,Continued decline
Uruguay,URY,Polio 3,38194,34714,32076,TRUE,-0.7580459770114942,Continued decline
Uruguay,URY,MCV1,39426,36240,34599,TRUE,-0.5150659133709982,Continued decline
Uzbekistan,UZB,DTP3,712487,740201,789690,FALSE,NA,No 2020 decline
Uzbekistan,UZB,Polio 3,727331,755784,797748,FALSE,NA,No 2020 decline
Uzbekistan,UZB,MCV1,727331,771367,797748,FALSE,NA,No 2020 decline
Vanuatu,VUT,DTP3,8078,7044,5644,TRUE,-1.3539651837524178,Continued decline
Vanuatu,VUT,Polio 3,8078,6864,5644,TRUE,-1.0049423393739703,Continued decline
Vanuatu,VUT,MCV1,7180,7044,4552,TRUE,-18.323529411764707,Continued decline
Venezuela,VEN,DTP3,330273,260964,254668,TRUE,-0.09083957350416252,Continued decline
Venezuela,VEN,Polio 3,319952,299626,227382,TRUE,-3.5542654727934666,Continued decline
Venezuela,VEN,MCV1,479928,367283,309240,TRUE,-0.5152736472990368,Continued decline
Vietnam,VNM,DTP3,1320594,1388638,1218911,FALSE,NA,No 2020 decline
Vietnam,VNM,Polio 3,1320594,1181819,1189540,TRUE,0.05563682219419924,Partial recovery
Vietnam,VNM,MCV1,1409623,1432956,1307026,FALSE,NA,No 2020 decline
Yemen,YEM,DTP3,685487,682772,687422,TRUE,1.712707182320442,Recovered to 2019 level
Yemen,YEM,Polio 3,629145,625874,630137,TRUE,1.3032711708957505,Recovered to 2019 level
Yemen,YEM,MCV1,629145,644840,677875,FALSE,NA,No 2020 decline
Zambia,ZMB,DTP3,534009,517579,569885,TRUE,3.183566646378576,Recovered to 2019 level
Zambia,ZMB,Polio 3,540077,511418,544835,TRUE,1.1660211451899927,Recovered to 2019 level
Zambia,ZMB,MCV1,564350,591519,563622,FALSE,NA,No 2020 decline
Zimbabwe,ZWE,DTP3,413773,397858,399964,TRUE,0.13232799245994345,Partial recovery
Zimbabwe,ZWE,Polio 3,413773,397858,399964,TRUE,0.13232799245994345,Partial recovery
Zimbabwe,ZWE,MCV1,390786,393231,395314,FALSE,NA,No 2020 decline
