entity,code,vaccine,year_2019,year_2020,year_2021,absolute_change_2019_2020,percent_change_2019_2020,absolute_change_2020_2021,percent_change_2020_2021,declined_2020
Afghanistan,AFG,DTP3,917706,909802,873686,-7904,-0.8612780127840507,-36116,-3.9696549359091318,TRUE
Afghanistan,AFG,Polio 3,955944,974788,939874,18844,1.9712451775417807,-34914,-3.581701867482981,FALSE
Afghanistan,AFG,MCV1,815739,857813,833973,42074,5.157777181181726,-23840,-2.779160493021206,FALSE
Albania,ALB,DTP3,28606,27472,27164,-1134,-3.964203313990072,-308,-1.1211415259172977,TRUE
Albania,ALB,Polio 3,28606,27472,27164,-1134,-3.964203313990072,-308,-1.1211415259172977,TRUE
Albania,ALB,MCV1,27450,25510,24115,-1940,-7.067395264116575,-1395,-5.468443747549981,TRUE
Algeria,DZA,DTP3,902670,892681,877730,-9989,-1.10660595788051,-14951,-1.6748424129112192,TRUE
Algeria,DZA,Polio 3,902670,892681,877730,-9989,-1.10660595788051,-14951,-1.6748424129112192,TRUE
Algeria,DZA,MCV1,793556,784774,771630,-8782,-1.1066641799696555,-13144,-1.6748770983748187,TRUE
Andorra,AND,DTP3,390,438,421,48,12.307692307692308,-17,-3.8812785388127855,FALSE
Andorra,AND,Polio 3,390,438,416,48,12.307692307692308,-22,-5.0228310502283104,FALSE
Andorra,AND,MCV1,390,433,421,43,11.025641025641026,-12,-2.771362586605081,FALSE
Angola,AGO,DTP3,669050,612415,553023,-56635,-8.464987669083028,-59392,-9.697998905970625,TRUE
Angola,AGO,Polio 3,657312,612415,528445,-44897,-6.830394089869042,-83970,-13.71129054644318,TRUE
Angola,AGO,MCV1,598624,528358,442419,-70266,-11.737918960816806,-85939,-16.265297393055466,TRUE
Antigua and Barbuda,ATG,DTP3,975,977,1000,2,0.20512820512820512,23,2.3541453428863868,FALSE
Antigua and Barbuda,ATG,Polio 3,975,967,1000,-8,-0.8205128205128205,33,3.4126163391933817,TRUE
Antigua and Barbuda,ATG,MCV1,954,906,924,-48,-5.031446540880503,18,1.9867549668874172,TRUE
Argentina,ARG,DTP3,570097,489233,488174,-80864,-14.184252855215867,-1059,-0.2164612771419753,TRUE
Argentina,ARG,Polio 3,570097,489233,475327,-80864,-14.184252855215867,-13906,-2.842408422980461,TRUE
Argentina,ARG,MCV1,590703,509067,520291,-81636,-13.820143117607326,11224,2.204817833408962,TRUE
Armenia,ARM,DTP3,34851,33413,32861,-1438,-4.126136983156868,-552,-1.6520515966839253,TRUE
Armenia,ARM,Polio 3,35608,31577,32861,-4031,-11.320489777578072,1284,4.066250752129715,TRUE
Armenia,ARM,MCV1,35987,34515,33214,-1472,-4.090365965487537,-1301,-3.7693756337824134,TRUE
Australia,AUS,DTP3,291018,292443,289080,1425,0.48966043337525517,-3363,-1.1499676860106072,FALSE
Australia,AUS,Polio 3,291018,292443,289080,1425,0.48966043337525517,-3363,-1.1499676860106072,FALSE
Australia,AUS,MCV1,287955,286287,282994,-1668,-0.5792571756003542,-3293,-1.1502443352300313,TRUE
Austria,AUT,DTP3,74484,72372,71107,-2112,-2.8355082970839374,-1265,-1.7479135577295086,TRUE
Austria,AUT,Polio 3,74484,72372,71107,-2112,-2.8355082970839374,-1265,-1.7479135577295086,TRUE
Austria,AUT,MCV1,83247,80887,79472,-2360,-2.8349369947265366,-1415,-1.7493540371135041,TRUE
Azerbaijan,AZE,DTP3,134020,112347,121888,-21673,-16.171466945232055,9541,8.492438605392222,TRUE
Azerbaijan,AZE,Polio 3,136871,120879,127366,-15992,-11.683994418101717,6487,5.36652354834173,TRUE
Azerbaijan,AZE,MCV1,139723,116613,127366,-23110,-16.539868167731868,10753,9.221098848327374,TRUE
Bahamas,BHS,DTP3,4115,3825,3459,-290,-7.047387606318347,-366,-9.568627450980392,TRUE
Bahamas,BHS,Polio 3,4115,3825,3459,-290,-7.047387606318347,-366,-9.568627450980392,TRUE
Bahamas,BHS,MCV1,3838,4009,3782,171,4.455445544554456,-227,-5.662259915190821,FALSE
Bahrain,BHR,DTP3,20401,19704,18524,-697,-3.4164991912161167,-1180,-5.988631749898498,TRUE
Bahrain,BHR,Polio 3,20401,19704,18713,-697,-3.4164991912161167,-991,-5.029435647584247,TRUE
Bahrain,BHR,MCV1,20401,19905,18713,-496,-2.4312533699328465,-1192,-5.988445114292891,TRUE
Bangladesh,BGD,DTP3,2860321,2887581,2893082,27260,0.9530398860827158,5501,0.1905054784610371,FALSE
Bangladesh,BGD,Polio 3,2860321,2887581,2893082,27260,0.9530398860827158,5501,0.1905054784610371,FALSE
Bangladesh,BGD,MCV1,2831134,2858116,2863560,26982,0.9530456700389314,5444,0.1904751241727068,FALSE
Barbados,BRB,DTP3,2716,2563,2471,-153,-5.633284241531665,-92,-3.5895435037065937,TRUE
Barbados,BRB,Polio 3,2746,2563,2532,-183,-6.664238892935178,-31,-1.2095200936402652,TRUE
Barbados,BRB,MCV1,2777,2683,2321,-94,-3.3849477853799064,-362,-13.492359299291838,TRUE
Belarus,BLR,DTP3,94683,88815,87932,-5868,-6.197522258483572,-883,-0.9942014299386365,TRUE
Belarus,BLR,Polio 3,94683,88815,87035,-5868,-6.197522258483572,-1780,-2.0041659629567077,TRUE
Belarus,BLR,MCV1,94683,88815,87932,-5868,-6.197522258483572,-883,-0.9942014299386365,TRUE
Belgium,BEL,DTP3,116498,114934,114574,-1564,-1.342512317808031,-360,-0.3132232411644944,TRUE
Belgium,BEL,Polio 3,117699,116119,114574,-1580,-1.3424073271650567,-1545,-1.33053160981407,TRUE
Belgium,BEL,MCV1,115297,113749,112236,-1548,-1.3426194957370963,-1513,-1.3301215834864482,TRUE
Belize,BLZ,DTP3,7734,6010,5918,-1724,-22.291181794672873,-92,-1.5307820299500832,TRUE
Belize,BLZ,Polio 3,7734,6010,5918,-1724,-22.291181794672873,-92,-1.5307820299500832,TRUE
Belize,BLZ,MCV1,7576,6239,5633,-1337,-17.647835269271383,-606,-9.713095047283218,TRUE
Benin,BEN,DTP3,321631,310086,332609,-11545,-3.589517179625098,22523,7.263468844127113,TRUE
Benin,BEN,Polio 3,317399,314393,328233,-3006,-0.9470729271358763,13840,4.402133635290862,TRUE
Benin,BEN,MCV1,287775,279939,297598,-7836,-2.722960646338285,17659,6.308159991998257,TRUE
Bhutan,BTN,DTP3,10296,9445,9400,-851,-8.265345765345765,-45,-0.4764425622022234,TRUE
Bhutan,BTN,Polio 3,10296,9544,9400,-752,-7.303807303807304,-144,-1.5088013411567478,TRUE
Bhutan,BTN,MCV1,10296,9246,9304,-1050,-10.198135198135198,58,0.627298291152931,TRUE
Bolivia,BOL,DTP3,190865,173210,178672,-17655,-9.249993450868415,5462,3.153397609837769,TRUE
Bolivia,BOL,Polio 3,190865,173210,178672,-17655,-9.249993450868415,5462,3.153397609837769,TRUE
Bolivia,BOL,MCV1,201045,188494,191434,-12551,-6.242880947051655,2940,1.5597313442337688,TRUE
Bosnia and Herzegovina,BIH,DTP3,23264,22729,21874,-535,-2.299690508940853,-855,-3.7617141097276607,TRUE
Bosnia and Herzegovina,BIH,Polio 3,23264,22729,21874,-535,-2.299690508940853,-855,-3.7617141097276607,TRUE
Bosnia and Herzegovina,BIH,MCV1,21670,21172,20376,-498,-2.298107983387171,-796,-3.759682599659928,TRUE
Botswana,BWA,DTP3,56520,56813,56642,293,0.5184005661712668,-171,-0.3009874500554451,FALSE
Botswana,BWA,Polio 3,57115,57411,57238,296,0.5182526481659809,-173,-0.3013359809095818,FALSE
Botswana,BWA,MCV1,57710,52029,57834,-5681,-9.844047825333565,5805,11.157239231966788,TRUE
Brazil,BRA,DTP3,2045330,2225373,1904180,180043,8.80263820508182,-321193,-14.43322085780676,FALSE
Brazil,BRA,Polio 3,2483615,2138670,1904180,-344945,-13.888827374613214,-234490,-10.964290891067813,TRUE
Brazil,BRA,MCV1,2658929,2283175,2044193,-375754,-14.131780126509584,-238982,-10.46709078366748,TRUE
Brunei,BRN,DTP3,6472,6324,6190,-148,-2.2867737948084055,-134,-2.118912080961417,TRUE
Brunei,BRN,Polio 3,6472,6324,6190,-148,-2.2867737948084055,-134,-2.118912080961417,TRUE
Brunei,BRN,MCV1,6341,6324,6190,-17,-0.2680965147453083,-134,-2.118912080961417,TRUE
Bulgaria,BGR,DTP3,58354,55748,53195,-2606,-4.4658463858518695,-2553,-4.579536485613834,TRUE
Bulgaria,BGR,Polio 3,58354,55748,53195,-2606,-4.4658463858518695,-2553,-4.579536485613834,TRUE
Bulgaria,BGR,MCV1,59609,53911,53195,-5698,-9.558959217567818,-716,-1.328114855966315,TRUE
Burkina Faso,BFA,DTP3,646105,654651,662707,8546,1.3226952275558925,8056,1.230579346858097,FALSE
Burkina Faso,BFA,Polio 3,646105,654651,662707,8546,1.3226952275558925,8056,1.230579346858097,FALSE
Burkina Faso,BFA,MCV1,624804,633069,640859,8265,1.322814834732172,7790,1.2305135775089286,FALSE
Burundi,BDI,DTP3,378778,381536,390502,2758,0.7281309896562103,8966,2.3499748385473453,FALSE
Burundi,BDI,Polio 3,378778,381536,390502,2758,0.7281309896562103,8966,2.3499748385473453,FALSE
Burundi,BDI,MCV1,374705,369229,373885,-5476,-1.4614163141671448,4656,1.2610060423206195,TRUE
Cambodia,KHM,DTP3,300776,297119,294000,-3657,-1.215854988429928,-3119,-1.0497477441698444,TRUE
Cambodia,KHM,Polio 3,307314,303578,297195,-3736,-1.215694696629506,-6383,-2.102589779233014,TRUE
Cambodia,KHM,MCV1,274621,271282,268435,-3339,-1.2158574908692343,-2847,-1.0494614460229577,TRUE
Cameroon,CMR,DTP3,578262,603016,610613,24754,4.280758548893062,7597,1.2598339015880176,FALSE
Cameroon,CMR,Polio 3,586892,611755,619463,24863,4.236384206975048,7708,1.2599815285530973,FALSE
Cameroon,CMR,MCV1,517846,541840,548667,23994,4.6334238364301354,6827,1.2599660416359073,FALSE
Canada,CAN,DTP3,344681,345671,344680,990,0.2872220981139082,-991,-0.28668878789369084,FALSE
Canada,CAN,Polio 3,348468,345671,344680,-2797,-0.8026561979866157,-991,-0.28668878789369084,TRUE
Canada,CAN,MCV1,340893,338156,337187,-2737,-0.8028912297993799,-969,-0.28655413477803143,TRUE
Cape Verde,CPV,DTP3,9870,9266,9191,-604,-6.119554204660588,-75,-0.8094107489747464,TRUE
Cape Verde,CPV,Polio 3,9973,9365,9290,-608,-6.096460443196631,-75,-0.800854244527496,TRUE
Cape Verde,CPV,MCV1,10075,9465,9389,-610,-6.054590570719603,-76,-0.8029582673005811,TRUE
Central African Republic,CAF,DTP3,80763,83106,85530,2343,2.901080940529698,2424,2.9167569128582773,FALSE
Central African Republic,CAF,Polio 3,88455,91021,93676,2566,2.9009100672658414,2655,2.9169092846705706,FALSE
Central African Republic,CAF,MCV1,78841,81128,83494,2287,2.9007749774863334,2366,2.916379055319988,FALSE
Chad,TCD,DTP3,314781,337047,387036,22266,7.073489187720987,49989,14.83146267434512,FALSE
Chad,TCD,Polio 3,295894,337047,387036,41153,13.9080211156698,49989,14.83146267434512,FALSE
Chad,TCD,MCV1,258120,304639,367017,46519,18.022237718890437,62378,20.476038852543503,FALSE
Chile,CHL,DTP3,217875,211658,217395,-6217,-2.853471026965003,5737,2.710504682081471,TRUE
Chile,CHL,Polio 3,217875,211658,217395,-6217,-2.853471026965003,5737,2.710504682081471,TRUE
Chile,CHL,MCV1,215605,207106,210530,-8499,-3.9419308457596065,3424,1.6532596834471236,TRUE
China,CHN,DTP3,16661734,14807231,13213492,-1854503,-11.13031212717716,-1593739,-10.763248037394703,TRUE
China,CHN,Polio 3,16661734,14807231,13213492,-1854503,-11.13031212717716,-1593739,-10.763248037394703,TRUE
China,CHN,MCV1,16661734,14807231,13213492,-1854503,-11.13031212717716,-1593739,-10.763248037394703,TRUE
Colombia,COL,DTP3,687077,645257,630481,-41820,-6.086654043142181,-14776,-2.2899402873583705,TRUE
Colombia,COL,Polio 3,687077,645257,630481,-41820,-6.086654043142181,-14776,-2.2899402873583705,TRUE
Colombia,COL,MCV1,694386,659922,630481,-34464,-4.963233705748676,-29441,-4.4612848185088545,TRUE
Comoros,COM,DTP3,20639,19841,19470,-798,-3.866466398565822,-371,-1.8698654301698503,TRUE
Comoros,COM,Polio 3,19958,18473,20386,-1485,-7.440625313157631,1913,10.35565419801873,TRUE
Comoros,COM,MCV1,20412,20297,18783,-115,-0.5633940819126004,-1514,-7.45923042814209,TRUE
Congo,COG,DTP3,133460,123744,131390,-9716,-7.280083920275738,7646,6.178885440910267,TRUE
Congo,COG,Polio 3,131771,123744,127978,-8027,-6.091628658809602,4234,3.4215800362037756,TRUE
Congo,COG,MCV1,123324,115269,116033,-8055,-6.531575362459862,764,0.6627974563846307,TRUE
Cook Islands,COK,DTP3,282,276,272,-6,-2.127659574468085,-4,-1.4492753623188406,TRUE
Cook Islands,COK,Polio 3,282,276,272,-6,-2.127659574468085,-4,-1.4492753623188406,TRUE
Cook Islands,COK,MCV1,285,279,275,-6,-2.1052631578947367,-4,-1.4336917562724014,TRUE
Costa Rica,CRI,DTP3,65096,64429,62748,-667,-1.0246405309081972,-1681,-2.6090735538344534,TRUE
Costa Rica,CRI,Polio 3,65781,64429,62748,-1352,-2.0553047232483546,-1681,-2.6090735538344534,TRUE
Costa Rica,CRI,MCV1,65096,63101,56410,-1995,-3.0647044365245177,-6691,-10.603635441593635,TRUE
Cote d'Ivoire,CIV,DTP3,674430,630136,648433,-44294,-6.567620064350637,18297,2.903658892683484,TRUE
Cote d'Ivoire,CIV,Polio 3,666104,562922,622837,-103182,-15.490373875550965,59915,10.643570512433339,TRUE
Cote d'Ivoire,CIV,MCV1,607820,554520,580177,-53300,-8.769043466815834,25657,4.626884512731732,TRUE
Croatia,HRV,DTP3,34632,34507,33034,-125,-0.36093786093786095,-1473,-4.2686991045295155,TRUE
Croatia,HRV,Polio 3,34632,34507,33034,-125,-0.36093786093786095,-1473,-4.2686991045295155,TRUE
Croatia,HRV,MCV1,34264,33406,31957,-858,-2.5040859210833526,-1449,-4.337544153744836,TRUE
Cuba,CUB,DTP3,114299,111860,106212,-2439,-2.133876936806096,-5648,-5.049168603611657,TRUE
Cuba,CUB,Polio 3,114299,110730,105139,-3569,-3.1225120079790725,-5591,-5.049218820554502,TRUE
Cuba,CUB,MCV1,114299,110730,106212,-3569,-3.1225120079790725,-4518,-4.080195069086968,TRUE
Cyprus,CYP,DTP3,12804,12781,12696,-23,-0.1796313651983755,-85,-0.6650496831233863,TRUE
Cyprus,CYP,Polio 3,12804,12781,12696,-23,-0.1796313651983755,-85,-0.6650496831233863,TRUE
Cyprus,CYP,MCV1,11471,11450,11374,-21,-0.18307035132072183,-76,-0.6637554585152838,TRUE
Czechia,CZE,DTP3,108713,108289,102355,-424,-0.3900177531665946,-5934,-5.479780956514512,TRUE
Czechia,CZE,Polio 3,108713,107172,102355,-1541,-1.417493767994628,-4817,-4.4946441234650845,TRUE
Czechia,CZE,MCV1,103109,104940,105621,1831,1.7757906681279034,681,0.6489422527158376,FALSE
Democratic Republic of Congo,COD,DTP3,2530293,2493938,2376935,-36355,-1.436790126677029,-117003,-4.691495939353745,TRUE
Democratic Republic of Congo,COD,Polio 3,2564955,2565194,2376935,239,0.009317902263392535,-188259,-7.33897709101144,FALSE
Democratic Republic of Congo,COD,MCV1,2253001,2208917,2011253,-44084,-1.9566791137687023,-197664,-8.948457547295801,TRUE
Denmark,DNK,DTP3,59370,59440,59863,70,0.11790466565605524,423,0.7116419919246298,FALSE
Denmark,DNK,Polio 3,59370,59440,59863,70,0.11790466565605524,423,0.7116419919246298,FALSE
Denmark,DNK,MCV1,58758,57601,58628,-1157,-1.9690935702372443,1027,1.7829551570285238,TRUE
Djibouti,DJI,DTP3,19743,16346,13846,-3397,-17.206098363977105,-2500,-15.294261593050287,TRUE
Djibouti,DJI,Polio 3,19743,16346,13846,-3397,-17.206098363977105,-2500,-15.294261593050287,TRUE
Djibouti,DJI,MCV1,19278,14478,11734,-4800,-24.898848428260195,-2744,-18.95289404613897,TRUE
Dominica,DMA,DTP3,906,897,867,-9,-0.9933774834437086,-30,-3.3444816053511706,TRUE
Dominica,DMA,Polio 3,906,897,867,-9,-0.9933774834437086,-30,-3.3444816053511706,TRUE
Dominica,DMA,MCV1,842,859,867,17,2.019002375296912,8,0.9313154831199069,FALSE
Dominican Republic,DOM,DTP3,183161,167724,169502,-15437,-8.428104236163811,1778,1.0600748849300041,TRUE
Dominican Republic,DOM,Polio 3,189335,163634,167484,-25701,-13.574352338447724,3850,2.3528117628365743,TRUE
Dominican Republic,DOM,MCV1,197567,167724,177573,-29843,-15.105255432334348,9849,5.87214709880518,TRUE
East Timor,TLS,DTP3,28335,27007,27110,-1328,-4.686783130404094,103,0.3813826045099419,TRUE
East Timor,TLS,Polio 3,28335,27007,27110,-1328,-4.686783130404094,103,0.3813826045099419,TRUE
East Timor,TLS,MCV1,26761,24808,24903,-1953,-7.297933560031389,95,0.38294098677845856,TRUE
Ecuador,ECU,DTP3,254139,208975,214287,-45164,-17.7713770810462,5312,2.5419308529728437,TRUE
Ecuador,ECU,Polio 3,254139,214946,184525,-39193,-15.421875430374715,-30421,-14.152856996641017,TRUE
Ecuador,ECU,MCV1,248159,241814,193454,-6345,-2.5568284849632694,-48360,-19.99884208523907,TRUE
Egypt,EGY,DTP3,2384105,2324171,2341780,-59934,-2.5138993458761254,17609,0.7576464898667095,TRUE
Egypt,EGY,Polio 3,2384105,2348896,2341780,-35209,-1.476822539275745,-7116,-0.30295083307221776,TRUE
Egypt,EGY,MCV1,2384105,2324171,2341780,-59934,-2.5138993458761254,17609,0.7576464898667095,TRUE
El Salvador,SLV,DTP3,83121,72888,79502,-10233,-12.310968347349045,6614,9.074196026780815,TRUE
El Salvador,SLV,Polio 3,83121,69851,79502,-13270,-15.964677999542834,9651,13.816552375771284,TRUE
El Salvador,SLV,MCV1,84148,71876,86547,-12272,-14.583828492655798,14671,20.41154210028382,TRUE
Equatorial Guinea,GNQ,DTP3,24192,24432,24652,240,0.9920634920634921,220,0.9004584151931893,FALSE
Equatorial Guinea,GNQ,Polio 3,25105,25354,25583,249,0.9918342959569807,229,0.9032105387710027,FALSE
Equatorial Guinea,GNQ,MCV1,24192,24432,24652,240,0.9920634920634921,220,0.9004584151931893,FALSE
Eritrea,ERI,DTP3,91603,92349,93359,746,0.8143838083905549,1010,1.0936772460990374,FALSE
Eritrea,ERI,Polio 3,91603,92349,93359,746,0.8143838083905549,1010,1.0936772460990374,FALSE
Eritrea,ERI,MCV1,89674,90404,91394,730,0.8140598166692686,990,1.0950842883058272,FALSE
Estonia,EST,DTP3,12939,13066,12662,127,0.9815287116469588,-404,-3.091994489514771,FALSE
Estonia,EST,Polio 3,12939,13066,12521,127,0.9815287116469588,-545,-4.171131180162253,FALSE
Estonia,EST,MCV1,12513,13066,12521,553,4.4194038200271715,-545,-4.171131180162253,FALSE
Eswatini,SWZ,DTP3,25716,23444,21533,-2272,-8.834966557785037,-1911,-8.151339361883638,TRUE
Eswatini,SWZ,Polio 3,25430,23162,17059,-2268,-8.918600078647268,-6103,-26.349192643122354,TRUE
Eswatini,SWZ,MCV1,23144,21467,22372,-1677,-7.245938472174213,905,4.215773047002376,TRUE
Ethiopia,ETH,DTP3,2363685,2541637,2384672,177952,7.528583546453948,-156965,-6.175744215243955,FALSE
Ethiopia,ETH,Polio 3,2467966,2649031,2494734,181065,7.33660836494506,-154297,-5.824658148583388,FALSE
Ethiopia,ETH,MCV1,2016085,2147863,1981112,131778,6.536331553481128,-166751,-7.763577099656729,FALSE
Fiji,FJI,DTP3,18086,17834,17595,-252,-1.3933429171735043,-239,-1.3401368173152406,TRUE
Fiji,FJI,Polio 3,18086,17834,17595,-252,-1.3933429171735043,-239,-1.3401368173152406,TRUE
Fiji,FJI,MCV1,17538,17293,17062,-245,-1.3969665868400045,-231,-1.3358006129647835,TRUE
Finland,FIN,DTP3,45060,42398,41314,-2662,-5.907678650687972,-1084,-2.5567243737912166,TRUE
Finland,FIN,Polio 3,45060,42398,41314,-2662,-5.907678650687972,-1084,-2.5567243737912166,TRUE
Finland,FIN,MCV1,47536,44754,43171,-2782,-5.852406597105352,-1583,-3.5371140009831525,TRUE
France,FRA,DTP3,662686,654056,640442,-8630,-1.3022758893352206,-13614,-2.0814731460303095,TRUE
France,FRA,Polio 3,662686,654056,640442,-8630,-1.3022758893352206,-13614,-2.0814731460303095,TRUE
France,FRA,MCV1,635074,626803,613757,-8271,-1.3023679130306074,-13046,-2.081355705062037,TRUE
Gabon,GAB,DTP3,42997,38729,46115,-4268,-9.926273926087866,7386,19.070980402282526,TRUE
Gabon,GAB,Polio 3,42997,38114,42426,-4883,-11.356606274856386,4312,11.313428136642704,TRUE
Gabon,GAB,MCV1,38083,32581,39352,-5502,-14.447391224430849,6771,20.78205088855468,TRUE
Gambia,GMB,DTP3,72253,70255,68422,-1998,-2.765283102431733,-1833,-2.609066970322397,TRUE
Gambia,GMB,Polio 3,72253,73561,74263,1308,1.810305454444798,702,0.9543100284117942,FALSE
Gambia,GMB,MCV1,69790,67775,65919,-2015,-2.8872331279552945,-1856,-2.738472888233124,TRUE
Georgia,GEO,DTP3,51260,45700,41869,-5560,-10.846664065548186,-3831,-8.38293216630197,TRUE
Georgia,GEO,Polio 3,51260,45700,41869,-5560,-10.846664065548186,-3831,-8.38293216630197,TRUE
Georgia,GEO,MCV1,53987,47258,44332,-6729,-12.464111730601811,-2926,-6.1915442887976635,TRUE
Germany,DEU,DTP3,722474,716270,706824,-6204,-0.8587160229987515,-9446,-1.3187764390523127,TRUE
Germany,DEU,Polio 3,722474,716270,706824,-6204,-0.8587160229987515,-9446,-1.3187764390523127,TRUE
Germany,DEU,MCV1,770110,763497,753428,-6613,-0.8587084961888561,-10069,-1.3188002048469083,TRUE
Ghana,GHA,DTP3,827343,814250,852834,-13093,-1.5825359010712607,38584,4.7385937979735955,TRUE
Ghana,GHA,Polio 3,827343,796925,852834,-30418,-3.6765887908642485,55909,7.015591178592715,TRUE
Ghana,GHA,MCV1,784697,762276,818025,-22421,-2.8572812181007445,55749,7.313492750657242,TRUE
Greece,GRC,DTP3,86296,83895,82557,-2401,-2.782284231018819,-1338,-1.5948507062399429,TRUE
Greece,GRC,Polio 3,86296,83895,82557,-2401,-2.782284231018819,-1338,-1.5948507062399429,TRUE
Greece,GRC,MCV1,84553,82200,80889,-2353,-2.7828699159107306,-1311,-1.594890510948905,TRUE
Grenada,GRD,DTP3,1875,1454,1439,-421,-22.453333333333333,-15,-1.031636863823934,TRUE
Grenada,GRD,Polio 3,1916,1454,1439,-462,-24.112734864300627,-15,-1.031636863823934,TRUE
Grenada,GRD,MCV1,1916,1676,1658,-240,-12.526096033402922,-18,-1.0739856801909309,TRUE
Guatemala,GTM,DTP3,337356,321725,297237,-15631,-4.633384318049775,-24488,-7.611469422643562,TRUE
Guatemala,GTM,Polio 3,289730,279086,252087,-10644,-3.673765229696614,-26999,-9.674078957740624,TRUE
Guatemala,GTM,MCV1,357201,341106,304762,-16095,-4.505866444942764,-36344,-10.654752481633276,TRUE
Guinea,GIN,DTP3,195754,197824,200424,2070,1.0574496562011504,2600,1.3142995794241346,FALSE
Guinea,GIN,Polio 3,199919,202033,204688,2114,1.0574282584446701,2655,1.3141417491201932,FALSE
Guinea,GIN,MCV1,195754,197824,200424,2070,1.0574496562011504,2600,1.3142995794241346,FALSE
Guinea-Bissau,GNB,DTP3,45855,43829,40029,-2026,-4.418274997274016,-3800,-8.670058636975519,TRUE
Guinea-Bissau,GNB,Polio 3,35273,37314,13741,2041,5.786295466787628,-23573,-63.17467974486788,FALSE
Guinea-Bissau,GNB,MCV1,46443,42645,37639,-3798,-8.177766294167043,-5006,-11.738773595966702,TRUE
Guyana,GUY,DTP3,15609,15791,14587,182,1.1659939778333013,-1204,-7.624596289025394,FALSE
Guyana,GUY,Polio 3,15294,14515,12824,-779,-5.093500719236302,-1691,-11.650017223561832,TRUE
Guyana,GUY,MCV1,15452,15632,15068,180,1.164897747864354,-564,-3.6079836233367453,FALSE
Haiti,HTI,DTP3,130738,130881,131035,143,0.10937906347045236,154,0.11766413765176,FALSE
Haiti,HTI,Polio 3,130738,130881,131035,143,0.10937906347045236,154,0.11766413765176,FALSE
Haiti,HTI,MCV1,166627,166810,167006,183,0.10982613862099179,196,0.11749895090222409,FALSE
Honduras,HND,DTP3,185223,169283,163663,-15940,-8.60584268692333,-5620,-3.3198844538435637,TRUE
Honduras,HND,Polio 3,185223,169283,163663,-15940,-8.60584268692333,-5620,-3.3198844538435637,TRUE
Honduras,HND,MCV1,187328,173515,172165,-13813,-7.373697471814144,-1350,-0.778030717805377,TRUE
Hungary,HUN,DTP3,92638,92010,92291,-628,-0.677907554135452,281,0.3054015867840452,TRUE
Hungary,HUN,Polio 3,92638,92010,92291,-628,-0.677907554135452,281,0.3054015867840452,TRUE
Hungary,HUN,MCV1,92638,92010,92291,-628,-0.677907554135452,281,0.3054015867840452,TRUE
Iceland,ISL,DTP3,3863,4086,4162,223,5.772715506083355,76,1.8600097895252081,FALSE
Iceland,ISL,Polio 3,3905,4086,4162,181,4.635083226632522,76,1.8600097895252081,FALSE
Iceland,ISL,MCV1,3905,4086,4162,181,4.635083226632522,76,1.8600097895252081,FALSE
India,IND,DTP3,21323133,19674515,19283821,-1648618,-7.7315936640267635,-390694,-1.9857871972955876,TRUE
India,IND,Polio 3,21088813,19674515,19283821,-1414298,-6.706389781160277,-390694,-1.9857871972955876,TRUE
India,IND,MCV1,22260413,20600374,20191295,-1660039,-7.457359394005852,-409079,-1.9857843357601177,TRUE
Indonesia,IDN,DTP3,3834111,3447666,2981983,-386445,-10.079129164492107,-465683,-13.507195882663808,TRUE
Indonesia,IDN,Polio 3,3834111,3402891,3026490,-431220,-11.246935730342706,-376401,-11.061212363252306,TRUE
Indonesia,IDN,MCV1,3969433,3402891,3204519,-566542,-14.272617776896599,-198372,-5.829513786953505,TRUE
Iran,IRN,DTP3,1489279,1359407,1233322,-129872,-8.72046137761964,-126085,-9.275000055171114,TRUE
Iran,IRN,Polio 3,1489279,1359407,1233322,-129872,-8.72046137761964,-126085,-9.275000055171114,TRUE
Iran,IRN,MCV1,1489279,1359407,1245907,-129872,-8.72046137761964,-113500,-8.349228744592311,TRUE
Iraq,IRQ,DTP3,943025,839617,895728,-103408,-10.96556294902044,56111,6.682928049336781,TRUE
Iraq,IRQ,Polio 3,954252,885001,895728,-69251,-7.257097705847093,10727,1.2120890258881063,TRUE
Iraq,IRQ,MCV1,920572,862309,861277,-58263,-6.328999795779146,-1032,-0.11967867666926821,TRUE
Ireland,IRL,DTP3,57972,56725,56141,-1247,-2.1510384323466503,-584,-1.0295284266196563,TRUE
Ireland,IRL,Polio 3,57972,56725,56141,-1247,-2.1510384323466503,-584,-1.0295284266196563,TRUE
Ireland,IRL,MCV1,56122,55518,53752,-604,-1.0762267916325148,-1766,-3.1809503224179547,TRUE
Israel,ISR,DTP3,171977,176328,176167,4351,2.5299894753368184,-161,-0.09130710947779139,FALSE
Israel,ISR,Polio 3,171977,176328,176167,4351,2.5299894753368184,-161,-0.09130710947779139,FALSE
Israel,ISR,MCV1,173732,178128,177964,4396,2.5303340777749637,-164,-0.09206862480912602,FALSE
Italy,ITA,DTP3,428412,400400,387792,-28012,-6.538565679766206,-12608,-3.148851148851149,TRUE
Italy,ITA,Polio 3,428412,400400,387792,-28012,-6.538565679766206,-12608,-3.148851148851149,TRUE
Italy,ITA,MCV1,419486,391880,379541,-27606,-6.58091092432167,-12339,-3.148667959579463,TRUE
Jamaica,JAM,DTP3,32988,32100,29729,-888,-2.691887959257912,-2371,-7.386292834890965,TRUE
Jamaica,JAM,Polio 3,32988,31766,29729,-1222,-3.7043773493391536,-2037,-6.412516527104451,TRUE
Jamaica,JAM,MCV1,32300,31097,29068,-1203,-3.7244582043343653,-2029,-6.524745152265492,TRUE
Japan,JPN,DTP3,856370,806526,791993,-49844,-5.82038137720845,-14533,-1.8019257903650967,TRUE
Japan,JPN,Polio 3,856370,806526,791993,-49844,-5.82038137720845,-14533,-1.8019257903650967,TRUE
Japan,JPN,MCV1,838893,823328,808493,-15565,-1.8554213707826863,-14835,-1.8018335341443508,TRUE
Jordan,JOR,DTP3,211332,183847,184781,-27485,-13.00560255900668,934,0.5080311345847363,TRUE
Jordan,JOR,Polio 3,206583,181459,182381,-25124,-12.16169771956066,922,0.5081037589758568,TRUE
Jordan,JOR,MCV1,206583,181459,182381,-25124,-12.16169771956066,922,0.5081037589758568,TRUE
Kazakhstan,KAZ,DTP3,379941,350291,390926,-29650,-7.803843228290709,40635,11.600355133303454,TRUE
Kazakhstan,KAZ,Polio 3,379941,350291,390926,-29650,-7.803843228290709,40635,11.600355133303454,TRUE
Kazakhstan,KAZ,MCV1,387775,370194,399156,-17581,-4.533814712139772,28962,7.823465534287427,TRUE
Kenya,KEN,DTP3,1254486,1230298,1267787,-24188,-1.9281203616461244,37489,3.047147926762459,TRUE
Kenya,KEN,Polio 3,1254486,1230298,1267787,-24188,-1.9281203616461244,37489,3.047147926762459,TRUE
Kenya,KEN,MCV1,1226915,1216474,1239923,-10441,-0.8509961977806123,23449,1.9276203190532637,TRUE
Kiribati,KIR,DTP3,3223,3077,3085,-146,-4.52994104871238,8,0.25999350016249595,TRUE
Kiribati,KIR,Polio 3,3124,3044,3051,-80,-2.560819462227913,7,0.22996057818659657,TRUE
Kiribati,KIR,MCV1,3124,2743,2682,-381,-12.195902688860436,-61,-2.2238425082026976,TRUE
Kuwait,KWT,DTP3,51940,48611,46652,-3329,-6.409318444358876,-1959,-4.029952068461871,TRUE
Kuwait,KWT,Polio 3,54762,49656,46652,-5106,-9.323983784376027,-3004,-6.049621395198969,TRUE
Kuwait,KWT,MCV1,54762,49656,46652,-5106,-9.323983784376027,-3004,-6.049621395198969,TRUE
Kyrgyzstan,KGZ,DTP3,156120,143869,143302,-12251,-7.847168844478606,-567,-0.39410852928705975,TRUE
Kyrgyzstan,KGZ,Polio 3,157764,143869,144913,-13895,-8.807459242919805,1044,0.7256601491634751,TRUE
Kyrgyzstan,KGZ,MCV1,157764,152138,149743,-5626,-3.5660860525848737,-2395,-1.5742286608210967,TRUE
Laos,LAO,DTP3,126965,124942,118496,-2023,-1.5933524987201197,-6446,-5.159193865953802,TRUE
Laos,LAO,Polio 3,126965,123361,116916,-3604,-2.838577560745087,-6445,-5.224503692414944,TRUE
Laos,LAO,MCV1,131726,124942,115336,-6784,-5.150084265824515,-9606,-7.688367402474748,TRUE
Latvia,LVA,DTP3,19305,18266,16477,-1039,-5.382025382025382,-1789,-9.794153071279974,TRUE
Latvia,LVA,Polio 3,19305,18266,16477,-1039,-5.382025382025382,-1789,-9.794153071279974,TRUE
Latvia,LVA,MCV1,19305,18266,17003,-1039,-5.382025382025382,-1263,-6.914485930143436,TRUE
Lebanon,LBN,DTP3,79038,61744,55675,-17294,-21.880614388015893,-6069,-9.829295154185022,TRUE
Lebanon,LBN,Polio 3,77134,58265,53182,-18869,-24.46262348640029,-5083,-8.723933750965417,TRUE
Lebanon,LBN,MCV1,78086,64353,55675,-13733,-17.587019440104502,-8678,-13.484996814445324,TRUE
Lesotho,LSO,DTP3,48133,48032,47950,-101,-0.20983524816653856,-82,-0.17071952031978682,TRUE
Lesotho,LSO,Polio 3,48133,48032,47950,-101,-0.20983524816653856,-82,-0.17071952031978682,TRUE
Lesotho,LSO,MCV1,49792,49688,49604,-104,-0.20886889460154243,-84,-0.16905490259217518,TRUE
Liberia,LBR,DTP3,103975,97192,99333,-6783,-6.523683577783121,2141,2.202856202156556,TRUE
Liberia,LBR,Polio 3,102490,100182,96323,-2308,-2.2519270172699777,-3859,-3.8519893793296203,TRUE
Liberia,LBR,MCV1,101004,91211,87292,-9793,-9.695655617599304,-3919,-4.2966308888182345,TRUE
Libya,LBY,DTP3,90911,89516,88422,-1395,-1.5344677761767003,-1094,-1.2221278877519102,TRUE
Libya,LBY,Polio 3,90911,89516,88422,-1395,-1.5344677761767003,-1094,-1.2221278877519102,TRUE
Libya,LBY,MCV1,90911,89516,88422,-1395,-1.5344677761767003,-1094,-1.2221278877519102,TRUE
Lithuania,LTU,DTP3,26568,25525,24570,-1043,-3.9257753688648,-955,-3.741429970617042,TRUE
Lithuania,LTU,Polio 3,26568,25525,24570,-1043,-3.9257753688648,-955,-3.741429970617042,TRUE
Lithuania,LTU,MCV1,26857,25244,24024,-1613,-6.005883010016011,-1220,-4.832831563935985,TRUE
Luxembourg,LUX,DTP3,6455,6524,6511,69,1.0689388071262587,-13,-0.19926425505824646,FALSE
Luxembourg,LUX,Polio 3,6455,6524,6511,69,1.0689388071262587,-13,-0.19926425505824646,FALSE
Luxembourg,LUX,MCV1,6455,6524,6511,69,1.0689388071262587,-13,-0.19926425505824646,FALSE
Madagascar,MDG,DTP3,558305,549757,464788,-8548,-1.53106277034954,-84969,-15.455737716845807,TRUE
Madagascar,MDG,Polio 3,541884,533098,439436,-8786,-1.6213802215972422,-93662,-17.5693774878165,TRUE
Madagascar,MDG,MCV1,451570,416482,329577,-35088,-7.770223885554842,-86905,-20.866448009757924,TRUE
Malawi,MWI,DTP3,567428,571508,575679,4080,0.7190339567310743,4171,0.7298235545259208,FALSE
Malawi,MWI,Polio 3,561455,565428,550919,3973,0.7076257224532687,-14509,-2.5660207842554668,FALSE
Malawi,MWI,MCV1,549510,547188,557109,-2322,-0.4225582791941912,9921,1.813088006315928,TRUE
Malaysia,MYS,DTP3,507475,501547,483331,-5928,-1.1681363613971132,-18216,-3.631962707383356,TRUE
Malaysia,MYS,Polio 3,507475,501547,483331,-5928,-1.1681363613971132,-18216,-3.631962707383356,TRUE
Malaysia,MYS,MCV1,502297,486194,488418,-16103,-3.2058722230075034,2224,0.4574305729811557,TRUE
Maldives,MDV,DTP3,7518,7525,7212,7,0.0931098696461825,-313,-4.159468438538206,FALSE
Maldives,MDV,Polio 3,7594,7525,7288,-69,-0.9086120621543323,-237,-3.1495016611295683,TRUE
Maldives,MDV,MCV1,7594,7525,7438,-69,-0.9086120621543323,-87,-1.1561461794019934,TRUE
Mali,MLI,DTP3,607461,564616,635475,-42845,-7.053127690501942,70859,12.549945449650735,TRUE
Mali,MLI,Polio 3,568015,524287,594210,-43728,-7.698388246789257,69923,13.336779283102576,TRUE
Mali,MLI,MCV1,552237,500089,577704,-52148,-9.4430470975324,77615,15.520237397743202,TRUE
Malta,MLT,DTP3,4501,4444,4500,-57,-1.2663852477227282,56,1.2601260126012601,TRUE
Malta,MLT,Polio 3,4501,4444,4500,-57,-1.2663852477227282,56,1.2601260126012601,TRUE
Malta,MLT,MCV1,4409,4308,4090,-101,-2.2907688818326153,-218,-5.060352831940576,TRUE
Marshall Islands,MHL,DTP3,773,753,740,-20,-2.5873221216041395,-13,-1.7264276228419655,TRUE
Marshall Islands,MHL,Polio 3,763,753,731,-10,-1.3106159895150722,-22,-2.9216467463479416,TRUE
Marshall Islands,MHL,MCV1,831,817,731,-14,-1.6847172081829123,-86,-10.526315789473685,TRUE
Mauritania,MRT,DTP3,109565,100342,96334,-9223,-8.41783416236937,-4008,-3.9943393593908834,TRUE
Mauritania,MRT,Polio 3,102717,98948,93501,-3769,-3.669304983595705,-5447,-5.504911670776569,TRUE
Mauritania,MRT,MCV1,102717,97555,89251,-5162,-5.025458298042194,-8304,-8.512121367433755,TRUE
Mauritius,MUS,DTP3,12866,12243,12124,-623,-4.842219804134929,-119,-0.9719839908519153,TRUE
Mauritius,MUS,Polio 3,13000,12375,12256,-625,-4.8076923076923075,-119,-0.9616161616161616,TRUE
Mauritius,MUS,MCV1,13268,11717,10147,-1551,-11.689779921615918,-1570,-13.399334300588889,TRUE
Mexico,MEX,DTP3,1656866,1413379,1512021,-243487,-14.695636219223521,98642,6.979161286533902,TRUE
Mexico,MEX,Polio 3,1656866,1413379,1512021,-243487,-14.695636219223521,98642,6.979161286533902,TRUE
Mexico,MEX,MCV1,1475015,1805984,1919104,330969,22.43834808459575,113120,6.2636213831351775,FALSE
Micronesia (country),FSM,DTP3,1780,1890,1640,110,6.179775280898877,-250,-13.227513227513228,FALSE
Micronesia (country),FSM,Polio 3,1780,1867,1640,87,4.887640449438202,-227,-12.158543117300482,FALSE
Micronesia (country),FSM,MCV1,1780,1799,1458,19,1.0674157303370786,-341,-18.95497498610339,FALSE
Moldova,MDA,DTP3,38476,34838,33675,-3638,-9.455244827944693,-1163,-3.338308743326253,TRUE
Moldova,MDA,Polio 3,39744,35243,34062,-4501,-11.324979871175524,-1181,-3.351020060721278,TRUE
Moldova,MDA,MCV1,41013,34028,32127,-6985,-17.03118523395021,-1901,-5.586575761137887,TRUE
Monaco,MCO,DTP3,329,330,323,1,0.303951367781155,-7,-2.121212121212121,FALSE
Monaco,MCO,Polio 3,329,330,323,1,0.303951367781155,-7,-2.121212121212121,FALSE
Monaco,MCO,MCV1,292,293,287,1,0.3424657534246575,-6,-2.04778156996587,FALSE
Mongolia,MNG,DTP3,76165,73796,70590,-2369,-3.1103525241252545,-3206,-4.344408911052089,TRUE
Mongolia,MNG,Polio 3,76165,74565,72076,-1600,-2.1007024223724806,-2489,-3.338027224569168,TRUE
Mongolia,MNG,MCV1,76165,74565,70590,-1600,-2.1007024223724806,-3975,-5.330919332126332,TRUE
Montenegro,MNE,DTP3,6413,6225,5993,-188,-2.931545298612194,-232,-3.7269076305220885,TRUE
Montenegro,MNE,Polio 3,6413,6225,5993,-188,-2.931545298612194,-232,-3.7269076305220885,TRUE
Montenegro,MNE,MCV1,2490,1779,1300,-711,-28.55421686746988,-479,-26.925238898257447,TRUE
Morocco,MAR,DTP3,661365,652307,643279,-9058,-1.3695916778178465,-9028,-1.38401090284176,TRUE
Morocco,MAR,Polio 3,661365,652307,643279,-9058,-1.3695916778178465,-9028,-1.38401090284176,TRUE
Morocco,MAR,MCV1,661365,652307,643279,-9058,-1.3695916778178465,-9028,-1.38401090284176,TRUE
Mozambique,MOZ,DTP3,909329,833597,656897,-75732,-8.328338808066167,-176700,-21.197293176438976,TRUE
Mozambique,MOZ,Polio 3,909329,770286,721510,-139043,-15.290725359028471,-48776,-6.332193496960869,TRUE
Mozambique,MOZ,MCV1,898995,854701,904579,-44294,-4.92705743635949,49878,5.835725007926749,TRUE
Myanmar,MMR,DTP3,814993,757457,331856,-57536,-7.059692537236516,-425601,-56.18814005283468,TRUE
Myanmar,MMR,Polio 3,814993,775492,385671,-39501,-4.846790095129651,-389821,-50.26757207037597,TRUE
Myanmar,MMR,MCV1,760660,820579,394640,59919,7.877238187889464,-425939,-51.90712899062735,FALSE
Namibia,NAM,DTP3,58221,62347,62363,4126,7.086789989866199,16,0.025662822589699586,FALSE
Namibia,NAM,Polio 3,56214,61677,61692,5463,9.718219660582774,15,0.024320249039350164,FALSE
Namibia,NAM,MCV1,53537,60336,60351,6799,12.699628294450568,15,0.024860779634049323,FALSE
Nauru,NRU,DTP3,333,327,335,-6,-1.8018018018018018,8,2.4464831804281344,TRUE
Nauru,NRU,Polio 3,333,327,335,-6,-1.8018018018018018,8,2.4464831804281344,TRUE
Nauru,NRU,MCV1,330,337,335,7,2.121212121212121,-2,-0.5934718100890207,FALSE
Nepal,NPL,DTP3,544069,492946,538644,-51123,-9.396418468980956,45698,9.270386614355324,TRUE
Nepal,NPL,Polio 3,538218,492946,538644,-45272,-8.411461526741952,45698,9.270386614355324,TRUE
Nepal,NPL,MCV1,538218,510552,532724,-27666,-5.140296311160162,22172,4.342750591516633,TRUE
Netherlands,NLD,DTP3,160482,159868,163340,-614,-0.38259742525641505,3472,2.171791728175745,TRUE
Netherlands,NLD,Polio 3,160482,159868,163340,-614,-0.38259742525641505,3472,2.171791728175745,TRUE
Netherlands,NLD,MCV1,160482,159868,159901,-614,-0.38259742525641505,33,0.020642029674481446,TRUE
New Zealand,NZL,DTP3,55440,55457,56042,17,0.030663780663780664,585,1.0548713417602826,FALSE
New Zealand,NZL,Polio 3,55440,55457,56042,17,0.030663780663780664,585,1.0548713417602826,FALSE
New Zealand,NZL,MCV1,55440,54854,56665,-586,-1.056998556998557,1811,3.301491231268458,TRUE
Nicaragua,NIC,DTP3,137488,128685,121234,-8803,-6.4027406028162455,-7451,-5.7901076271515715,TRUE
Nicaragua,NIC,Polio 3,138891,130084,122627,-8807,-6.340943617657012,-7457,-5.732449801666616,TRUE
Nicaragua,NIC,MCV1,138891,135679,115660,-3212,-2.312604848406304,-20019,-14.75467832162678,TRUE
Niger,NER,DTP3,785054,812428,850348,27374,3.486893895197018,37920,4.667490534545831,FALSE
Niger,NER,Polio 3,785054,812428,850348,27374,3.486893895197018,37920,4.667490534545831,FALSE
Niger,NER,MCV1,765670,792368,829608,26698,3.4868807710893726,37240,4.699836439634109,FALSE
Nigeria,NGA,DTP3,3867491,3929113,3993007,61622,1.5933327317374495,63894,1.6261685525460836,FALSE
Nigeria,NGA,Polio 3,3729366,3718625,3779096,-10741,-0.2880114207079702,60471,1.6261655853978285,TRUE
Nigeria,NGA,MCV1,3936553,4139601,4206918,203048,5.158015146754026,67317,1.6261712179507155,FALSE
Niue,NIU,DTP3,27,27,27,0,0,0,0,FALSE
Niue,NIU,Polio 3,27,27,27,0,0,0,0,FALSE
Niue,NIU,MCV1,27,27,27,0,0,0,0,FALSE
North Korea,PRK,DTP3,329763,331230,139922,1467,0.4448649484629871,-191308,-57.75684569634393,FALSE
North Korea,PRK,Polio 3,333163,239032,0,-94131,-28.253737659944232,-239032,-100,TRUE
North Korea,PRK,MCV1,333163,338059,143335,4896,1.469550940530611,-194724,-57.60059634560831,FALSE
North Macedonia,MKD,DTP3,20034,17586,16398,-2448,-12.219227313566936,-1188,-6.755373592630502,TRUE
North Macedonia,MKD,Polio 3,20034,17586,16398,-2448,-12.219227313566936,-1188,-6.755373592630502,TRUE
North Macedonia,MKD,MCV1,16332,13190,14172,-3142,-19.238305167768797,982,7.445034116755117,TRUE
Norway,NOR,DTP3,55083,53955,52620,-1128,-2.0478187462556505,-1335,-2.4742841256602723,TRUE
Norway,NOR,Polio 3,55083,53955,52620,-1128,-2.0478187462556505,-1335,-2.4742841256602723,TRUE
Norway,NOR,MCV1,55083,53955,52620,-1128,-2.0478187462556505,-1335,-2.4742841256602723,TRUE
Oman,OMN,DTP3,86920,87200,86611,280,0.32213529682466635,-589,-0.6754587155963303,FALSE
Oman,OMN,Polio 3,86920,87200,86611,280,0.32213529682466635,-589,-0.6754587155963303,FALSE
Oman,OMN,MCV1,86920,87200,86611,280,0.32213529682466635,-589,-0.6754587155963303,FALSE
Pakistan,PAK,DTP3,4949391,4564451,4958796,-384940,-7.777522527519042,394345,8.639483696944058,TRUE
Pakistan,PAK,Polio 3,4949391,4920123,4958796,-29268,-0.5913454806864117,38673,0.78601693494248015,TRUE
Pakistan,PAK,MCV1,4772627,4920123,4839307,147496,3.0904573099888175,-80816,-1.6425605620022101,FALSE
Palau,PLW,DTP3,245,262,259,17,6.938775510204081,-3,-1.1450381679389312,FALSE
Palau,PLW,Polio 3,245,262,259,17,6.938775510204081,-3,-1.1450381679389312,FALSE
Palau,PLW,MCV1,245,254,254,9,3.673469387755102,0,0,FALSE
Palestine,PSE,DTP3,141130,139400,135178,-1730,-1.2258201658045773,-4222,-3.028694404591105,TRUE
Palestine,PSE,Polio 3,141130,139400,135178,-1730,-1.2258201658045773,-4222,-3.028694404591105,TRUE
Palestine,PSE,MCV1,141130,140823,139447,-307,-0.21752993693757527,-1376,-0.977113113624905,TRUE
Panama,PAN,DTP3,68429,56820,56290,-11609,-16.965029446579667,-530,-0.9327701513551566,TRUE
Panama,PAN,Polio 3,68429,56820,56290,-11609,-16.965029446579667,-530,-0.9327701513551566,TRUE
Panama,PAN,MCV1,75427,61427,60854,-14000,-18.560992747954977,-573,-0.9328145603724747,TRUE
Papua New Guinea,PNG,DTP3,83908,94240,75445,10332,12.31348619917052,-18795,-19.943760611205434,FALSE
Papua New Guinea,PNG,Polio 3,100690,99073,77878,-1617,-1.6059191578111034,-21195,-21.393316039687907,TRUE
Papua New Guinea,PNG,MCV1,88703,113571,92481,24868,28.035128462396987,-21090,-18.56988139577885,FALSE
Paraguay,PRY,DTP3,117761,108052,95492,-9709,-8.244665041906913,-12560,-11.624032873061118,TRUE
Paraguay,PRY,Polio 3,115022,106684,90035,-8338,-7.249048008207126,-16649,-15.605901540999588,TRUE
Paraguay,PRY,MCV1,119130,109420,92764,-9710,-8.15075967430538,-16656,-15.22208005849022,TRUE
Peru,PER,DTP3,508517,420436,482521,-88081,-17.32115150525941,62085,14.76681349836836,TRUE
Peru,PER,Polio 3,502738,420436,464868,-82302,-16.370753752451574,44432,10.568076948691358,TRUE
Peru,PER,MCV1,491181,449633,458983,-41548,-8.458796248226214,9350,2.0794737041097964,TRUE
Philippines,PHL,DTP3,1681885,1695449,1371876,13564,0.8064760670319314,-323573,-19.08479700657466,FALSE
Philippines,PHL,Polio 3,1847705,1719329,1347808,-128376,-6.947862348156226,-371521,-21.608487962455122,TRUE
Philippines,PHL,MCV1,1776639,1719329,1371876,-57310,-3.2257537969165373,-347453,-20.208639533213248,TRUE
Poland,POL,DTP3,380448,336633,327866,-43815,-11.516685591723443,-8767,-2.6043198379243866,TRUE
Poland,POL,Polio 3,348411,340374,331508,-8037,-2.3067583974099555,-8866,-2.6047817988448,TRUE
Poland,POL,MCV1,372439,299230,291436,-73209,-19.65664175878466,-7794,-2.6046853590883265,TRUE
Portugal,PRT,DTP3,86111,86473,85235,362,0.42038763920985706,-1238,-1.4316607495981404,FALSE
Portugal,PRT,Polio 3,86111,86473,85235,362,0.42038763920985706,-1238,-1.4316607495981404,FALSE
Portugal,PRT,MCV1,86111,86473,84374,362,0.42038763920985706,-2099,-2.4273472644640526,FALSE
Qatar,QAT,DTP3,29104,26537,28351,-2567,-8.820093457943925,1814,6.835738779816859,TRUE
Qatar,QAT,Polio 3,29401,26537,28351,-2864,-9.741165266487535,1814,6.835738779816859,TRUE
Qatar,QAT,MCV1,29401,26835,28641,-2566,-8.727594299513623,1806,6.730016769144774,TRUE
Romania,ROU,DTP3,187040,179148,172277,-7892,-4.219418306244654,-6871,-3.8353763368834706,TRUE
Romania,ROU,Polio 3,187040,179148,172277,-7892,-4.219418306244654,-6871,-3.8353763368834706,TRUE
Romania,ROU,MCV1,191291,179148,172277,-12143,-6.34792018443105,-6871,-3.8353763368834706,TRUE
Russia,RUS,DTP3,1599861,1502757,1421975,-97104,-6.069527290183335,-80782,-5.375586338975629,TRUE
Russia,RUS,Polio 3,1583367,1502757,1421975,-80610,-5.0910496429444345,-80782,-5.375586338975629,TRUE
Russia,RUS,MCV1,1616354,1502757,1421975,-113597,-7.027977782094764,-80782,-5.375586338975629,TRUE
Rwanda,RWA,DTP3,366334,345393,337797,-20941,-5.716368123078939,-7596,-2.199233916147693,TRUE
Rwanda,RWA,Polio 3,366334,345393,337797,-20941,-5.716368123078939,-7596,-2.199233916147693,TRUE
Rwanda,RWA,MCV1,358858,356780,333958,-2078,-0.5790591264511311,-22822,-6.396659005549639,TRUE
Saint Kitts and Nevis,KNA,DTP3,599,599,569,0,0,-30,-5.008347245409015,FALSE
Saint Kitts and Nevis,KNA,Polio 3,599,599,569,0,0,-30,-5.008347245409015,FALSE
Saint Kitts and Nevis,KNA,MCV1,599,575,569,-24,-4.006677796327212,-6,-1.0434782608695652,TRUE
Saint Lucia,LCA,DTP3,1942,1803,1661,-139,-7.1575695159629245,-142,-7.875762617859124,TRUE
Saint Lucia,LCA,Polio 3,1921,1844,1557,-77,-4.00832899531494,-287,-15.563991323210413,TRUE
Saint Lucia,LCA,MCV1,2027,1865,1599,-162,-7.992106561420819,-266,-14.262734584450403,TRUE
Saint Vincent and the Grenadines,VCT,DTP3,1405,1357,1322,-48,-3.416370106761566,-35,-2.5792188651436994,TRUE
Saint Vincent and the Grenadines,VCT,Polio 3,1434,1385,1349,-49,-3.4170153417015343,-36,-2.5992779783393503,TRUE
Saint Vincent and the Grenadines,VCT,MCV1,1434,1385,1349,-49,-3.4170153417015343,-36,-2.5992779783393503,TRUE
Samoa,WSM,DTP3,3985,5203,4972,1218,30.56461731493099,-231,-4.439746300211416,FALSE
Samoa,WSM,Polio 3,3985,5203,4679,1218,30.56461731493099,-524,-10.071112819527196,FALSE
Samoa,WSM,MCV1,5627,3858,3626,-1769,-31.437711036076063,-232,-6.013478486262312,TRUE
San Marino,SMR,DTP3,194,188,186,-6,-3.0927835051546393,-2,-1.0638297872340425,TRUE
San Marino,SMR,Polio 3,194,188,186,-6,-3.0927835051546393,-2,-1.0638297872340425,TRUE
San Marino,SMR,MCV1,190,190,184,0,0,-6,-3.1578947368421053,FALSE
Sao Tome and Principe,STP,DTP3,5763,5823,5913,60,1.041124414367517,90,1.545595054095827,FALSE
Sao Tome and Principe,STP,Polio 3,5763,5702,5669,-61,-1.0584764879403088,-33,-0.5787443002455279,TRUE
Sao Tome and Principe,STP,MCV1,5763,5217,4694,-546,-9.474232170744404,-523,-10.024918535556834,TRUE
Saudi Arabia,SAU,DTP3,617964,614205,627417,-3759,-0.6082878614288211,13212,2.1510733387061323,TRUE
Saudi Arabia,SAU,Polio 3,624401,614205,627417,-10196,-1.6329249953155103,13212,2.1510733387061323,TRUE
Saudi Arabia,SAU,MCV1,611526,620671,633886,9145,1.495439278133718,13215,2.129147326039077,FALSE
Senegal,SEN,DTP3,482576,470327,445673,-12249,-2.538253042007891,-24654,-5.241884901355865,TRUE
Senegal,SEN,Polio 3,452098,434148,408970,-17950,-3.970378103862437,-25178,-5.7994048112625185,TRUE
Senegal,SEN,MCV1,452098,454822,456159,2724,0.6025242314719375,1337,0.2939611540338858,FALSE
Serbia,SRB,DTP3,67451,63695,63295,-3756,-5.568486753346874,-400,-0.6279927780830521,TRUE
Serbia,SRB,Polio 3,67451,63695,63295,-3756,-5.568486753346874,-400,-0.6279927780830521,TRUE
Serbia,SRB,MCV1,60497,54003,53663,-6494,-10.734416582640462,-340,-0.6295946521489547,TRUE
Seychelles,SYC,DTP3,1721,1656,1573,-65,-3.7768739105171414,-83,-5.01207729468599,TRUE
Seychelles,SYC,Polio 3,1721,1656,1573,-65,-3.7768739105171414,-83,-5.01207729468599,TRUE
Seychelles,SYC,MCV1,1721,1656,1573,-65,-3.7768739105171414,-83,-5.01207729468599,TRUE
Sierra Leone,SLE,DTP3,224735,217747,221956,-6988,-3.1094400071194963,4209,1.9329772626029291,TRUE
Sierra Leone,SLE,Polio 3,224735,215354,217131,-9381,-4.174249671835717,1777,0.8251530038912674,TRUE
Sierra Leone,SLE,MCV1,220004,208175,209894,-11829,-5.376720423265032,1719,0.8257475681517954,TRUE
Singapore,SGP,DTP3,49160,51527,46464,2367,4.814890154597234,-5063,-9.825916509790984,FALSE
Singapore,SGP,Polio 3,49160,51527,46464,2367,4.814890154597234,-5063,-9.825916509790984,FALSE
Singapore,SGP,MCV1,48648,50990,45980,2342,4.814175300115113,-5010,-9.825455971759169,FALSE
Slovakia,SVK,DTP3,57600,56794,54976,-806,-1.3993055555555556,-1818,-3.201042363629961,TRUE
Slovakia,SVK,Polio 3,57600,56794,54976,-806,-1.3993055555555556,-1818,-3.201042363629961,TRUE
Slovakia,SVK,MCV1,57006,56208,53842,-798,-1.39985264708978,-2366,-4.209365214916026,TRUE
Slovenia,SVN,DTP3,19569,19174,16942,-395,-2.018498645817364,-2232,-11.640763533952226,TRUE
Slovenia,SVN,Polio 3,19569,19174,16942,-395,-2.018498645817364,-2232,-11.640763533952226,TRUE
Slovenia,SVN,MCV1,19363,18972,18715,-391,-2.019315188762072,-257,-1.354627872654438,TRUE
Solomon Islands,SLB,DTP3,18903,19078,17804,175,0.9257789768819764,-1274,-6.677848831114373,FALSE
Solomon Islands,SLB,Polio 3,18702,18672,17190,-30,-0.16041065126724416,-1482,-7.9370179948586115,TRUE
Solomon Islands,SLB,MCV1,16289,16440,13711,151,0.9270059549389158,-2729,-16.599756690997566,FALSE
Somalia,SOM,DTP3,264075,271459,278017,7384,2.79617532897851,6558,2.415834435402768,FALSE
Somalia,SOM,Polio 3,295512,303776,311115,8264,2.796502341698476,7339,2.415924892025703,FALSE
Somalia,SOM,MCV1,289225,297312,304495,8087,2.796093007174345,7183,2.4159805187816166,FALSE
South Africa,ZAF,DTP3,986230,1001235,1019286,15005,1.5214503716171683,18051,1.8028734512876596,FALSE
South Africa,ZAF,Polio 3,986230,1001235,1019286,15005,1.5214503716171683,18051,1.8028734512876596,FALSE
South Africa,ZAF,MCV1,963024,1001235,1031138,38211,3.9678138862582863,29903,2.9866115347545783,FALSE
South Korea,KOR,DTP3,342788,315461,295505,-27327,-7.97198268317444,-19956,-6.325980073606563,TRUE
South Korea,KOR,Polio 3,342788,315461,295505,-27327,-7.97198268317444,-19956,-6.325980073606563,TRUE
South Korea,KOR,MCV1,342788,315461,295505,-27327,-7.97198268317444,-19956,-6.325980073606563,TRUE
South Sudan,SSD,DTP3,149601,140334,139425,-9267,-6.194477309643652,-909,-0.6477403907819915,TRUE
South Sudan,SSD,Polio 3,152654,143198,142270,-9456,-6.19440040876754,-928,-0.648053743767371,TRUE
South Sudan,SSD,MCV1,149601,140334,139425,-9267,-6.194477309643652,-909,-0.6477403907819915,TRUE
Spain,ESP,DTP3,369029,348624,325640,-20405,-5.5293757401179855,-22984,-6.592776171462664,TRUE
Spain,ESP,Polio 3,369029,348624,325640,-20405,-5.5293757401179855,-22984,-6.592776171462664,TRUE
Spain,ESP,MCV1,380683,356042,336259,-24641,-6.472839606706892,-19783,-5.556366945472725,TRUE
Sri Lanka,LKA,DTP3,315339,300386,295542,-14953,-4.7418809598559015,-4844,-1.612591798552529,TRUE
Sri Lanka,LKA,Polio 3,315339,300386,295542,-14953,-4.7418809598559015,-4844,-1.612591798552529,TRUE
Sri Lanka,LKA,MCV1,315339,300386,298620,-14953,-4.7418809598559015,-1766,-0.587910222180794,TRUE
Sudan,SDN,DTP3,1301790,1284376,1216818,-17414,-1.3376965562801988,-67558,-5.25998617227354,TRUE
Sudan,SDN,Polio 3,1301790,1284376,1231304,-17414,-1.3376965562801988,-53072,-4.132123303456309,TRUE
Sudan,SDN,MCV1,1259797,1227292,1173360,-32505,-2.5801776000419117,-53932,-4.394390251056798,TRUE
Suriname,SUR,DTP3,8340,5536,7841,-2804,-33.621103117505996,2305,41.63656069364162,TRUE
Suriname,SUR,Polio 3,8232,5536,7841,-2696,-32.750242954324584,2305,41.63656069364162,TRUE
Suriname,SUR,MCV1,6932,4884,6316,-2048,-29.54414310444316,1432,29.32022932022932,TRUE
Sweden,SWE,DTP3,115930,114229,114043,-1701,-1.4672647287156042,-186,-0.16283080478687548,TRUE
Sweden,SWE,Polio 3,115930,114229,114043,-1701,-1.4672647287156042,-186,-0.16283080478687548,TRUE
Sweden,SWE,MCV1,114747,114229,112879,-518,-0.45142792404158716,-1350,-1.1818364863563544,TRUE
Switzerland,CHE,DTP3,84041,83570,82075,-471,-0.560440737259195,-1495,-1.7889194687088668,TRUE
Switzerland,CHE,Polio 3,84041,83570,82075,-471,-0.560440737259195,-1495,-1.7889194687088668,TRUE
Switzerland,CHE,MCV1,83166,84440,81220,1274,1.5318760070221005,-3220,-3.813358597820938,FALSE
Syria,SYR,DTP3,190454,179918,188480,-10536,-5.532044483182291,8562,4.758834580197646,TRUE
Syria,SYR,Polio 3,211616,194605,204186,-17011,-8.038617117798276,9581,4.923306184322088,TRUE
Syria,SYR,MCV1,229250,216636,231673,-12614,-5.5022900763358775,15037,6.9411362839047985,TRUE
Tajikistan,TJK,DTP3,244515,247433,248013,2918,1.193382819049956,580,0.23440688994596517,FALSE
Tajikistan,TJK,Polio 3,244515,247433,248013,2918,1.193382819049956,580,0.23440688994596517,FALSE
Tajikistan,TJK,MCV1,247035,249984,248013,2949,1.1937579695184892,-1971,-0.7884504608294931,FALSE
Tanzania,TZA,DTP3,1843529,1818335,1747211,-25194,-1.3666180461495316,-71124,-3.9114904569290037,TRUE
Tanzania,TZA,Polio 3,1843529,1374323,1509936,-469206,-25.451511747306387,135613,9.867622094660426,TRUE
Tanzania,TZA,MCV1,1822815,1776048,1639359,-46767,-2.5656470898034085,-136689,-7.696244696089295,TRUE
Thailand,THA,DTP3,671079,652577,638054,-18502,-2.75705244837046,-14523,-2.2254845022119993,TRUE
Thailand,THA,Polio 3,671079,652577,638054,-18502,-2.75705244837046,-14523,-2.2254845022119993,TRUE
Thailand,THA,MCV1,664161,645850,631476,-18311,-2.7570122304682148,-14374,-2.225594178214756,TRUE
Togo,TGO,DTP3,211707,209226,214343,-2481,-1.1719026768127647,5117,2.4456807471346775,TRUE
Togo,TGO,Polio 3,196585,204123,209178,7538,3.834473637357886,5055,2.476448023985538,FALSE
Togo,TGO,MCV1,189024,176056,180772,-12968,-6.86050448620281,4716,2.6786931430908347,TRUE
Tonga,TON,DTP3,2455,2423,2400,-32,-1.3034623217922607,-23,-0.9492364836978952,TRUE
Tonga,TON,Polio 3,2455,2423,2400,-32,-1.3034623217922607,-23,-0.9492364836978952,TRUE
Tonga,TON,MCV1,2455,2423,2400,-32,-1.3034623217922607,-23,-0.9492364836978952,TRUE
Trinidad and Tobago,TTO,DTP3,17517,17754,17065,237,1.352971399212194,-689,-3.8808155908527655,FALSE
Trinidad and Tobago,TTO,Polio 3,17517,17199,17065,-318,-1.8153793457783867,-134,-0.7791150648293506,TRUE
Trinidad and Tobago,TTO,MCV1,18648,16830,16883,-1818,-9.749034749034749,53,0.31491384432560904,TRUE
Tunisia,TUN,DTP3,207722,200722,196078,-7000,-3.3698886011111004,-4644,-2.313647731688604,TRUE
Tunisia,TUN,Polio 3,207722,200722,196078,-7000,-3.3698886011111004,-4644,-2.313647731688604,TRUE
Tunisia,TUN,MCV1,207722,202791,192035,-4931,-2.3738458131541194,-10756,-5.303982918374089,TRUE
Turkey,TUR,DTP3,1362429,1290394,1206191,-72035,-5.287247996042362,-84203,-6.525371320697399,TRUE
Turkey,TUR,Polio 3,1362429,1290394,1206191,-72035,-5.287247996042362,-84203,-6.525371320697399,TRUE
Turkey,TUR,MCV1,1334905,1250893,1218888,-84012,-6.293481558612785,-32005,-2.5585721560517167,TRUE
Turkmenistan,TKM,DTP3,138752,135000,131268,-3752,-2.7041051660516606,-3732,-2.7644444444444445,TRUE
Turkmenistan,TKM,Polio 3,138752,135000,131268,-3752,-2.7041051660516606,-3732,-2.7644444444444445,TRUE
Turkmenistan,TKM,MCV1,138752,135000,131268,-3752,-2.7041051660516606,-3732,-2.7644444444444445,TRUE
Tuvalu,TUV,DTP3,229,240,240,11,4.8034934497816595,0,0,FALSE
Tuvalu,TUV,Polio 3,229,228,222,-1,-0.4366812227074236,-6,-2.6315789473684212,TRUE
Tuvalu,TUV,MCV1,239,235,237,-4,-1.6736401673640167,2,0.851063829787234,TRUE
Uganda,UGA,DTP3,1397665,1373472,1438423,-24193,-1.7309584199361077,64951,4.728964259919387,TRUE
Uganda,UGA,Polio 3,1382637,1358040,1438423,-24597,-1.77899188290202,80383,5.919045094400754,TRUE
Uganda,UGA,MCV1,1307493,1373472,1422616,65979,5.046222044783414,49144,3.578085319540551,FALSE
Ukraine,UKR,DTP3,293842,285041,268476,-8801,-2.995147051816963,-16565,-5.811444669363355,TRUE
Ukraine,UKR,Polio 3,286496,295599,268476,9103,3.1773567519267285,-27123,-9.175606142104675,FALSE
Ukraine,UKR,MCV1,341592,299118,302896,-42474,-12.434131946884001,3778,1.2630466906037083,TRUE
United Arab Emirates,ARE,DTP3,94694,87044,94010,-7650,-8.078653346568949,6966,8.002849133771425,TRUE
United Arab Emirates,ARE,Polio 3,90868,77373,94010,-13495,-14.851212748162169,16637,21.502332855130344,TRUE
United Arab Emirates,ARE,MCV1,94694,95749,96948,1055,1.114114938644476,1199,1.2522323992939874,FALSE
United Kingdom,GBR,DTP3,696318,673774,648861,-22544,-3.237601210940978,-24913,-3.697530625996254,TRUE
United Kingdom,GBR,Polio 3,696318,673774,648861,-22544,-3.237601210940978,-24913,-3.697530625996254,TRUE
United Kingdom,GBR,MCV1,681343,659284,634907,-22059,-3.2375763748948767,-24377,-3.6974960714957437,TRUE
United States,USA,DTP3,3657718,3557918,3473239,-99800,-2.7284771543350255,-84679,-2.380015503448927,TRUE
United States,USA,Polio 3,3618806,3519661,3435893,-99145,-2.7397158068158394,-83768,-2.3800019376866124,TRUE
United States,USA,MCV1,3502070,3481403,3398546,-20667,-0.5901366905858535,-82857,-2.379988757406138,TRUE
Uruguay,URY,DTP3,38605,35095,32076,-3510,-9.092086517290506,-3019,-8.602365009260579,TRUE
Uruguay,URY,Polio 3,38194,34714,32076,-3480,-9.111378750589099,-2638,-7.59923949991358,TRUE
Uruguay,URY,MCV1,39426,36240,34599,-3186,-8.080961801856644,-1641,-4.5281456953642385,TRUE
Uzbekistan,UZB,DTP3,712487,740201,789690,27714,3.889755181498048,49489,6.685886671323059,FALSE
Uzbekistan,UZB,Polio 3,727331,755784,797748,28453,3.911974053078997,41964,5.5523800450922485,FALSE
Uzbekistan,UZB,MCV1,727331,771367,797748,44036,6.054464886001009,26381,3.4200322284982376,FALSE
Vanuatu,VUT,DTP3,8078,7044,5644,-1034,-12.800198068828918,-1400,-19.875070982396366,TRUE
Vanuatu,VUT,Polio 3,8078,6864,5644,-1214,-15.02847239415697,-1220,-17.773892773892776,TRUE
Vanuatu,VUT,MCV1,7180,7044,4552,-136,-1.894150417827298,-2492,-35.37762634866553,TRUE
Venezuela,VEN,DTP3,330273,260964,254668,-69309,-20.985366651224897,-6296,-2.412593307889211,TRUE
Venezuela,VEN,Polio 3,319952,299626,227382,-20326,-6.352827924188628,-72244,-24.11139220227884,TRUE
Venezuela,VEN,MCV1,479928,367283,309240,-112645,-23.471229017685985,-58043,-15.803345104456236,TRUE
Vietnam,VNM,DTP3,1320594,1388638,1218911,68044,5.152529846417597,-169727,-12.222551881771924,FALSE
Vietnam,VNM,Polio 3,1320594,1181819,1189540,-138775,-10.508528737825554,7721,0.6533149323204315,TRUE
Vietnam,VNM,MCV1,1409623,1432956,1307026,23333,1.655265273055278,-125930,-8.78812747914102,FALSE
Yemen,YEM,DTP3,685487,682772,687422,-2715,-0.3960687802978029,4650,0.6810472602860106,TRUE
Yemen,YEM,Polio 3,629145,625874,630137,-3271,-0.5199119439874751,4263,0.6811275112882146,TRUE
Yemen,YEM,MCV1,629145,644840,677875,15695,2.494655445088175,33035,5.1229762421686,FALSE
Zambia,ZMB,DTP3,534009,517579,569885,-16430,-3.0767271712649036,52306,10.10589687757811,TRUE
Zambia,ZMB,Polio 3,540077,511418,544835,-28659,-5.306465559540584,33417,6.534185343495927,TRUE
Zambia,ZMB,MCV1,564350,591519,563622,27169,4.814211039248693,-27897,-4.716162963488916,FALSE
Zimbabwe,ZWE,DTP3,413773,397858,399964,-15915,-3.8463118666515217,2106,0.5293345867118419,TRUE
Zimbabwe,ZWE,Polio 3,413773,397858,399964,-15915,-3.8463118666515217,2106,0.5293345867118419,TRUE
Zimbabwe,ZWE,MCV1,390786,393231,395314,2445,0.6256621270976954,2083,0.5297140866310133,FALSE
