entity,code,vaccine,year_2019,year_2020,year_2021,disrupted_2020,recovery_index,recovery_status,percent_change_2019_2021
Myanmar,MMR,DTP3,814993,757457,331856,TRUE,-7.397125278086763,Continued decline,-59.281122659949226
Vanuatu,VUT,DTP3,8078,7044,5644,TRUE,-1.3539651837524178,Continued decline,-30.13122059915821
Djibouti,DJI,DTP3,19743,16346,13846,TRUE,-0.7359434795407712,Continued decline,-29.868814263283188
Lebanon,LBN,DTP3,79038,61744,55675,TRUE,-0.35093095871400487,Continued decline,-29.559199372453758
Mozambique,MOZ,DTP3,909329,833597,656897,TRUE,-2.3332276976707336,Continued decline,-27.760249590632213
Belize,BLZ,DTP3,7734,6010,5918,TRUE,-0.05336426914153132,Continued decline,-23.4807344194466
Grenada,GRD,DTP3,1875,1454,1439,TRUE,-0.035629453681710214,Continued decline,-23.253333333333334
Venezuela,VEN,DTP3,330273,260964,254668,TRUE,-0.09083957350416252,Continued decline,-22.89166840765064
Indonesia,IDN,DTP3,3834111,3447666,2981983,TRUE,-1.2050434085057382,Continued decline,-22.224917327641272
China,CHN,DTP3,16661734,14807231,13213492,TRUE,-0.8593887418893363,Continued decline,-20.69557706298756
Paraguay,PRY,DTP3,117761,108052,95492,TRUE,-1.2936450715830672,Continued decline,-18.910335340222993
Georgia,GEO,DTP3,51260,45700,41869,TRUE,-0.6890287769784172,Continued decline,-18.3203277409286
North Macedonia,MKD,DTP3,20034,17586,16398,TRUE,-0.4852941176470588,Continued decline,-18.149146451033243
Panama,PAN,DTP3,68429,56820,56290,TRUE,-0.045654233784133,Continued decline,-17.739554867088515
Angola,AGO,DTP3,669050,612415,553023,TRUE,-1.0486801447867926,Continued decline,-17.342052163515433
Iran,IRN,DTP3,1489279,1359407,1233322,TRUE,-0.9708405198965135,Continued decline,-17.18663863520536
Uruguay,URY,DTP3,38605,35095,32076,TRUE,-0.8601139601139601,Continued decline,-16.912317057375986
Madagascar,MDG,DTP3,558305,549757,464788,TRUE,-9.9402199344876,Continued decline,-16.75016344112985
Eswatini,SWZ,DTP3,25716,23444,21533,TRUE,-0.8411091549295775,Continued decline,-16.266137813034685
Bahamas,BHS,DTP3,4115,3825,3459,TRUE,-1.2620689655172415,Continued decline,-15.941676792223573
Latvia,LVA,DTP3,19305,18266,16477,TRUE,-1.7218479307025987,Continued decline,-14.64905464905465
Saint Lucia,LCA,DTP3,1942,1803,1661,TRUE,-1.0215827338129497,Continued decline,-14.46961894953656
Argentina,ARG,DTP3,570097,489233,488174,TRUE,-0.013096062524732884,Continued decline,-14.370010717474395
Poland,POL,DTP3,380448,336633,327866,TRUE,-0.20009129293620906,Continued decline,-13.821074102111195
South Korea,KOR,DTP3,342788,315461,295505,TRUE,-0.7302667691294324,Continued decline,-13.793656720772022
Slovenia,SVN,DTP3,19569,19174,16942,TRUE,-5.650632911392405,Continued decline,-13.424293525473963
Guinea-Bissau,GNB,DTP3,45855,43829,40029,TRUE,-1.8756169792694966,Continued decline,-12.705266601243048
Moldova,MDA,DTP3,38476,34838,33675,TRUE,-0.31968114348543153,Continued decline,-12.477908306476765
Mauritania,MRT,DTP3,109565,100342,96334,TRUE,-0.43456575951425785,Continued decline,-12.075936658604482
Guatemala,GTM,DTP3,337356,321725,297237,TRUE,-1.5666304139210543,Continued decline,-11.892185110091416
Nicaragua,NIC,DTP3,137488,128685,121234,TRUE,-0.8464159945473134,Continued decline,-11.822122657977424
Spain,ESP,DTP3,369029,348624,325640,TRUE,-1.126390590541534,Continued decline,-11.757612545355514
Honduras,HND,DTP3,185223,169283,163663,TRUE,-0.35257214554579674,Continued decline,-11.640023107281493
Turkey,TUR,DTP3,1362429,1290394,1206191,TRUE,-1.1689178871381967,Continued decline,-11.467606752351866
Russia,RUS,DTP3,1599861,1502757,1421975,TRUE,-0.83191217663536,Continued decline,-11.11884094930747
Kuwait,KWT,DTP3,51940,48611,46652,TRUE,-0.5884650045058576,Continued decline,-10.180978051597998
Jamaica,JAM,DTP3,32988,32100,29729,TRUE,-2.670045045045045,Continued decline,-9.879350066690918
India,IND,DTP3,21323133,19674515,19283821,TRUE,-0.2369827334167163,Continued decline,-9.563847864195191
Italy,ITA,DTP3,428412,400400,387792,TRUE,-0.4500928173639869,Continued decline,-9.48152712809165
Bahrain,BHR,DTP3,20401,19704,18524,TRUE,-1.6929698708751793,Continued decline,-9.200529385814422
Barbados,BRB,DTP3,2716,2563,2471,TRUE,-0.6013071895424836,Continued decline,-9.02061855670103
Bulgaria,BGR,DTP3,58354,55748,53195,TRUE,-0.9796623177283192,Continued decline,-8.84086780683415
Bhutan,BTN,DTP3,10296,9445,9400,TRUE,-0.052878965922444184,Continued decline,-8.702408702408702
Ukraine,UKR,DTP3,293842,285041,268476,TRUE,-1.8821724803999547,Continued decline,-8.632530407497907
Seychelles,SYC,DTP3,1721,1656,1573,TRUE,-1.2769230769230768,Continued decline,-8.599651365485183
Finland,FIN,DTP3,45060,42398,41314,TRUE,-0.40721262208865516,Continued decline,-8.313359964491788
Colombia,COL,DTP3,687077,645257,630481,TRUE,-0.353323768531803,Continued decline,-8.23721358741451
Kyrgyzstan,KGZ,DTP3,156120,143869,143302,TRUE,-0.04628193616847604,Continued decline,-8.210351012042018
Romania,ROU,DTP3,187040,179148,172277,TRUE,-0.8706284845413077,Continued decline,-7.892964071856287
Rwanda,RWA,DTP3,366334,345393,337797,TRUE,-0.36273339382073444,Continued decline,-7.789885732692024
Senegal,SEN,DTP3,482576,470327,445673,TRUE,-2.0127357335292677,Continued decline,-7.647085640396538
Lithuania,LTU,DTP3,26568,25525,24570,TRUE,-0.9156279961649089,Continued decline,-7.520325203252033
Japan,JPN,DTP3,856370,806526,791993,TRUE,-0.2915696974560629,Continued decline,-7.51742821444002
Mongolia,MNG,DTP3,76165,73796,70590,TRUE,-1.3533136344449135,Continued decline,-7.319635002954112
Belarus,BLR,DTP3,94683,88815,87932,TRUE,-0.15047716428084526,Continued decline,-7.130107833507599
Cuba,CUB,DTP3,114299,111860,106212,TRUE,-2.3157031570315705,Continued decline,-7.07530249608483
Cape Verde,CPV,DTP3,9870,9266,9191,TRUE,-0.12417218543046357,Continued decline,-6.879432624113475
United Kingdom,GBR,DTP3,696318,673774,648861,TRUE,-1.105083392476934,Continued decline,-6.815420540615063
South Sudan,SSD,DTP3,149601,140334,139425,TRUE,-0.09808999676270638,Continued decline,-6.802093568893256
Laos,LAO,DTP3,126965,124942,118496,TRUE,-3.1863568956994563,Continued decline,-6.6703422202969325
Montenegro,MNE,DTP3,6413,6225,5993,TRUE,-1.2340425531914894,Continued decline,-6.549196943708093
Sudan,SDN,DTP3,1301790,1284376,1216818,TRUE,-3.8795222234983346,Continued decline,-6.527320074666421
Sri Lanka,LKA,DTP3,315339,300386,295542,TRUE,-0.3239483715642346,Continued decline,-6.27800557495267
Serbia,SRB,DTP3,67451,63695,63295,TRUE,-0.10649627263045794,Continued decline,-6.161509836770397
Democratic Republic of Congo,COD,DTP3,2530293,2493938,2376935,TRUE,-3.2183468573786276,Continued decline,-6.060879115580685
Bosnia and Herzegovina,BIH,DTP3,23264,22729,21874,TRUE,-1.5981308411214954,Continued decline,-5.974896836313618
Saint Vincent and the Grenadines,VCT,DTP3,1405,1357,1322,TRUE,-0.7291666666666666,Continued decline,-5.907473309608541
Czechia,CZE,DTP3,108713,108289,102355,TRUE,-13.995283018867925,Continued decline,-5.848426591116058
Mauritius,MUS,DTP3,12866,12243,12124,TRUE,-0.19101123595505617,Continued decline,-5.767138193688792
Armenia,ARM,DTP3,34851,33413,32861,TRUE,-0.38386648122392214,Continued decline,-5.710022667929184
Comoros,COM,DTP3,20639,19841,19470,TRUE,-0.4649122807017544,Continued decline,-5.664034110179757
Tunisia,TUN,DTP3,207722,200722,196078,TRUE,-0.6634285714285715,Continued decline,-5.6055689816196645
Turkmenistan,TKM,DTP3,138752,135000,131268,TRUE,-0.9946695095948828,Continued decline,-5.393796125461255
Gambia,GMB,DTP3,72253,70255,68422,TRUE,-0.9174174174174174,Continued decline,-5.302201984692677
Tanzania,TZA,DTP3,1843529,1818335,1747211,TRUE,-2.823053107882829,Continued decline,-5.224653368620727
United States,USA,DTP3,3657718,3557918,3473239,TRUE,-0.8484869739478957,Continued decline,-5.043554478502717
Albania,ALB,DTP3,28606,27472,27164,TRUE,-0.2716049382716049,Continued decline,-5.040900510382437
Thailand,THA,DTP3,671079,652577,638054,TRUE,-0.7849421684142255,Continued decline,-4.9211791756261185
Afghanistan,AFG,DTP3,917706,909802,873686,TRUE,-4.569331983805668,Continued decline,-4.7967431835468
Malaysia,MYS,DTP3,507475,501547,483331,TRUE,-3.0728744939271255,Continued decline,-4.757672791763141
Croatia,HRV,DTP3,34632,34507,33034,TRUE,-11.784,Continued decline,-4.614229614229615
Slovakia,SVK,DTP3,57600,56794,54976,TRUE,-2.2555831265508686,Continued decline,-4.555555555555555
Austria,AUT,DTP3,74484,72372,71107,TRUE,-0.5989583333333334,Continued decline,-4.533859620858171
Norway,NOR,DTP3,55083,53955,52620,TRUE,-1.1835106382978724,Continued decline,-4.4714340177550245
Brunei,BRN,DTP3,6472,6324,6190,TRUE,-0.9054054054054054,Continued decline,-4.357231149567367
Greece,GRC,DTP3,86296,83895,82557,TRUE,-0.5572678050812162,Continued decline,-4.332761657550756
Dominica,DMA,DTP3,906,897,867,TRUE,-3.3333333333333335,Continued decline,-4.304635761589404
Marshall Islands,MHL,DTP3,773,753,740,TRUE,-0.65,Continued decline,-4.269081500646831
Palestine,PSE,DTP3,141130,139400,135178,TRUE,-2.440462427745665,Continued decline,-4.217388223623609
San Marino,SMR,DTP3,194,188,186,TRUE,-0.3333333333333333,Continued decline,-4.123711340206185
Costa Rica,CRI,DTP3,65096,64429,62748,TRUE,-2.52023988005997,Continued decline,-3.606980459628856
Cook Islands,COK,DTP3,282,276,272,TRUE,-0.6666666666666666,Continued decline,-3.5460992907801416
France,FRA,DTP3,662686,654056,640442,TRUE,-1.5775202780996525,Continued decline,-3.35664251244179
Ireland,IRL,DTP3,57972,56725,56141,TRUE,-0.46832397754611066,Continued decline,-3.1584213068377838
Algeria,DZA,DTP3,902670,892681,877730,TRUE,-1.4967464210631696,Continued decline,-2.762914464865344
Libya,LBY,DTP3,90911,89516,88422,TRUE,-0.7842293906810036,Continued decline,-2.7378425053073885
Morocco,MAR,DTP3,661365,652307,643279,TRUE,-0.9966880105983661,Continued decline,-2.734647282514194
Fiji,FJI,DTP3,18086,17834,17595,TRUE,-0.9484126984126984,Continued decline,-2.7148070330642486
Switzerland,CHE,DTP3,84041,83570,82075,TRUE,-3.1740976645435244,Continued decline,-2.3393343725086564
Cambodia,KHM,DTP3,300776,297119,294000,TRUE,-0.8528848783155591,Continued decline,-2.2528393222863525
Tonga,TON,DTP3,2455,2423,2400,TRUE,-0.71875,Continued decline,-2.240325865580448
Germany,DEU,DTP3,722474,716270,706824,TRUE,-1.5225660863958737,Continued decline,-2.1661679174613897
Belgium,BEL,DTP3,116498,114934,114574,TRUE,-0.23017902813299232,Continued decline,-1.6515304983776546
Sweden,SWE,DTP3,115930,114229,114043,TRUE,-0.10934744268077601,Continued decline,-1.6277063745363582
Cyprus,CYP,DTP3,12804,12781,12696,TRUE,-3.6956521739130435,Continued decline,-0.8434864104967198
Lesotho,LSO,DTP3,48133,48032,47950,TRUE,-0.8118811881188119,Continued decline,-0.3801965387571936
Montenegro,MNE,MCV1,2490,1779,1300,TRUE,-0.6736990154711674,Continued decline,-47.791164658634536
Djibouti,DJI,MCV1,19278,14478,11734,TRUE,-0.5716666666666667,Continued decline,-39.13269011308227
Vanuatu,VUT,MCV1,7180,7044,4552,TRUE,-18.323529411764707,Continued decline,-36.6016713091922
Venezuela,VEN,MCV1,479928,367283,309240,TRUE,-0.5152736472990368,Continued decline,-35.565334800220036
Samoa,WSM,MCV1,5627,3858,3626,TRUE,-0.13114754098360656,Continued decline,-35.560689532610624
Lebanon,LBN,MCV1,78086,64353,55675,TRUE,-0.6319085414694532,Continued decline,-28.700407243295853
Madagascar,MDG,MCV1,451570,416482,329577,TRUE,-2.4767726858185135,Continued decline,-27.015302167991674
Angola,AGO,MCV1,598624,528358,442419,TRUE,-1.2230524008766686,Continued decline,-26.094008927139573
Belize,BLZ,MCV1,7576,6239,5633,TRUE,-0.4532535527299925,Continued decline,-25.646779303062303
Mauritius,MUS,MCV1,13268,11717,10147,TRUE,-1.0122501611863315,Continued decline,-23.522761531504372
Brazil,BRA,MCV1,2658929,2283175,2044193,TRUE,-0.6360065361912315,Continued decline,-23.119684654987026
Philippines,PHL,MCV1,1776639,1719329,1371876,TRUE,-6.062694119699878,Continued decline,-22.782512373081982
Paraguay,PRY,MCV1,119130,109420,92764,TRUE,-1.7153450051493306,Continued decline,-22.1321245697977
Ecuador,ECU,MCV1,248159,241814,193454,TRUE,-7.621749408983452,Continued decline,-22.044334479104123
Poland,POL,MCV1,372439,299230,291436,TRUE,-0.10646232020653199,Continued decline,-21.74933344789348
Moldova,MDA,MCV1,41013,34028,32127,TRUE,-0.2721546170365068,Continued decline,-21.66630092897374
Saint Lucia,LCA,MCV1,2027,1865,1599,TRUE,-1.6419753086419753,Continued decline,-21.114948199309325
China,CHN,MCV1,16661734,14807231,13213492,TRUE,-0.8593887418893363,Continued decline,-20.69557706298756
Panama,PAN,MCV1,75427,61427,60854,TRUE,-0.040928571428571425,Continued decline,-19.320667665424846
Indonesia,IDN,MCV1,3969433,3402891,3204519,TRUE,-0.3501452672529133,Continued decline,-19.27010734278674
Guinea-Bissau,GNB,MCV1,46443,42645,37639,TRUE,-1.3180621379673512,Continued decline,-18.9565704196542
Sao Tome and Principe,STP,MCV1,5763,5217,4694,TRUE,-0.9578754578754579,Continued decline,-18.549366649314592
Georgia,GEO,MCV1,53987,47258,44332,TRUE,-0.43483429930153067,Continued decline,-17.883935021394038
Nicaragua,NIC,MCV1,138891,135679,115660,TRUE,-6.232565379825654,Continued decline,-16.726065763800392
Barbados,BRB,MCV1,2777,2683,2321,TRUE,-3.851063829787234,Continued decline,-16.420597767374865
Iran,IRN,MCV1,1489279,1359407,1245907,TRUE,-0.8739374153012197,Continued decline,-16.341598854210662
Kuwait,KWT,MCV1,54762,49656,46652,TRUE,-0.5883274578926753,Continued decline,-14.809539461670502
Guatemala,GTM,MCV1,357201,341106,304762,TRUE,-2.2580925753339547,Continued decline,-14.680530009714419
Kiribati,KIR,MCV1,3124,2743,2682,TRUE,-0.16010498687664043,Continued decline,-14.148527528809218
South Korea,KOR,MCV1,342788,315461,295505,TRUE,-0.7302667691294324,Continued decline,-13.793656720772022
Liberia,LBR,MCV1,101004,91211,87292,TRUE,-0.40018380475850096,Continued decline,-13.575699972278326
Grenada,GRD,MCV1,1916,1676,1658,TRUE,-0.075,Continued decline,-13.465553235908143
Costa Rica,CRI,MCV1,65096,63101,56410,TRUE,-3.3538847117794486,Continued decline,-13.343369792306747
Mauritania,MRT,MCV1,102717,97555,89251,TRUE,-1.6086788066640836,Continued decline,-13.109806555876826
Laos,LAO,MCV1,131726,124942,115336,TRUE,-1.4159787735849056,Continued decline,-12.44249426840563
Uruguay,URY,MCV1,39426,36240,34599,TRUE,-0.5150659133709982,Continued decline,-12.243189773246081
Albania,ALB,MCV1,27450,25510,24115,TRUE,-0.7190721649484536,Continued decline,-12.14936247723133
Marshall Islands,MHL,MCV1,831,817,731,TRUE,-6.142857142857143,Continued decline,-12.033694344163658
Russia,RUS,MCV1,1616354,1502757,1421975,TRUE,-0.7111279347165859,Continued decline,-12.025769107509864
Latvia,LVA,MCV1,19305,18266,17003,TRUE,-1.2155919153031762,Continued decline,-11.924371924371924
Spain,ESP,MCV1,380683,356042,336259,TRUE,-0.8028489103526643,Continued decline,-11.669551831839089
Serbia,SRB,MCV1,60497,54003,53663,TRUE,-0.05235602094240838,Continued decline,-11.296427922045721
Bulgaria,BGR,MCV1,59609,53911,53195,TRUE,-0.12565812565812565,Continued decline,-10.760120116089853
Democratic Republic of Congo,COD,MCV1,2253001,2208917,2011253,TRUE,-4.483803647581889,Continued decline,-10.730044061232109
Lithuania,LTU,MCV1,26857,25244,24024,TRUE,-0.7563546187228767,Continued decline,-10.548460364150873
Tanzania,TZA,MCV1,1822815,1776048,1639359,TRUE,-2.9227660529860797,Continued decline,-10.06443330782334
Jamaica,JAM,MCV1,32300,31097,29068,TRUE,-1.686616791354946,Continued decline,-10.006191950464396
Romania,ROU,MCV1,191291,179148,172277,TRUE,-0.565840401877625,Continued decline,-9.939829892676602
Italy,ITA,MCV1,419486,391880,379541,TRUE,-0.44696805042382093,Continued decline,-9.522367850178552
India,IND,MCV1,22260413,20600374,20191295,TRUE,-0.2464273429720627,Continued decline,-9.295056655058467
Colombia,COL,MCV1,694386,659922,630481,TRUE,-0.8542537140204272,Continued decline,-9.20309453243585
Finland,FIN,MCV1,47536,44754,43171,TRUE,-0.5690150970524802,Continued decline,-9.182514304947828
Turkey,TUR,MCV1,1334905,1250893,1218888,TRUE,-0.38095748226443843,Continued decline,-8.691030447859585
Seychelles,SYC,MCV1,1721,1656,1573,TRUE,-1.2769230769230768,Continued decline,-8.599651365485183
Bahrain,BHR,MCV1,20401,19905,18713,TRUE,-2.403225806451613,Continued decline,-8.274104210577914
Honduras,HND,MCV1,187328,173515,172165,TRUE,-0.09773401867805691,Continued decline,-8.094358558250768
Comoros,COM,MCV1,20412,20297,18783,TRUE,-13.165217391304347,Continued decline,-7.980599647266314
Armenia,ARM,MCV1,35987,34515,33214,TRUE,-0.8838315217391305,Continued decline,-7.705560341234334
Tunisia,TUN,MCV1,207722,202791,192035,TRUE,-2.1813019671466236,Continued decline,-7.551920355089976
Mongolia,MNG,MCV1,76165,74565,70590,TRUE,-2.484375,Continued decline,-7.319635002954112
Malta,MLT,MCV1,4409,4308,4090,TRUE,-2.1584158415841586,Continued decline,-7.235200725788161
Belarus,BLR,MCV1,94683,88815,87932,TRUE,-0.15047716428084526,Continued decline,-7.130107833507599
Cuba,CUB,MCV1,114299,110730,106212,TRUE,-1.2659008125525357,Continued decline,-7.07530249608483
Rwanda,RWA,MCV1,358858,356780,333958,TRUE,-10.982675649663138,Continued decline,-6.938677694241176
Sudan,SDN,MCV1,1259797,1227292,1173360,TRUE,-1.6591908937086601,Continued decline,-6.861184778182516
United Kingdom,GBR,MCV1,681343,659284,634907,TRUE,-1.1050818260120585,Continued decline,-6.8153631871172085
Cape Verde,CPV,MCV1,10075,9465,9389,TRUE,-0.12459016393442623,Continued decline,-6.80893300248139
South Sudan,SSD,MCV1,149601,140334,139425,TRUE,-0.09808999676270638,Continued decline,-6.802093568893256
Croatia,HRV,MCV1,34264,33406,31957,TRUE,-1.6888111888111887,Continued decline,-6.733014242353491
Iraq,IRQ,MCV1,920572,862309,861277,TRUE,-0.017712785129498997,Continued decline,-6.441104009246425
Bosnia and Herzegovina,BIH,MCV1,21670,21172,20376,TRUE,-1.5983935742971886,Continued decline,-5.971389017074296
Saint Vincent and the Grenadines,VCT,MCV1,1434,1385,1349,TRUE,-0.7346938775510204,Continued decline,-5.927475592747559
Slovakia,SVK,MCV1,57006,56208,53842,TRUE,-2.9649122807017543,Continued decline,-5.550292951619128
Gambia,GMB,MCV1,69790,67775,65919,TRUE,-0.9210918114143921,Continued decline,-5.5466399197592775
Turkmenistan,TKM,MCV1,138752,135000,131268,TRUE,-0.9946695095948828,Continued decline,-5.393796125461255
Sri Lanka,LKA,MCV1,315339,300386,298620,TRUE,-0.11810339062395506,Continued decline,-5.301913179150057
Kyrgyzstan,KGZ,MCV1,157764,152138,149743,TRUE,-0.4257020974049058,Continued decline,-5.084176364696636
Saint Kitts and Nevis,KNA,MCV1,599,575,569,TRUE,-0.25,Continued decline,-5.008347245409015
Thailand,THA,MCV1,664161,645850,631476,TRUE,-0.7849926273824477,Continued decline,-4.921246504989001
Austria,AUT,MCV1,83247,80887,79472,TRUE,-0.5995762711864406,Continued decline,-4.534697947073168
Norway,NOR,MCV1,55083,53955,52620,TRUE,-1.1835106382978724,Continued decline,-4.4714340177550245
Greece,GRC,MCV1,84553,82200,80889,TRUE,-0.5571610709732256,Continued decline,-4.333376698638723
Ireland,IRL,MCV1,56122,55518,53752,TRUE,-2.923841059602649,Continued decline,-4.2229428744520865
Japan,JPN,MCV1,838893,823328,808493,TRUE,-0.953099903629939,Continued decline,-3.623823300468594
Cook Islands,COK,MCV1,285,279,275,TRUE,-0.6666666666666666,Continued decline,-3.508771929824561
France,FRA,MCV1,635074,626803,613757,TRUE,-1.577318341192117,Continued decline,-3.3566167092338848
Slovenia,SVN,MCV1,19363,18972,18715,TRUE,-0.6572890025575447,Continued decline,-3.3465888550327945
United States,USA,MCV1,3502070,3481403,3398546,TRUE,-4.0091450137901,Continued decline,-2.956080261102719
Algeria,DZA,MCV1,793556,784774,771630,TRUE,-1.4966977909360055,Continued decline,-2.763006013438245
Libya,LBY,MCV1,90911,89516,88422,TRUE,-0.7842293906810036,Continued decline,-2.7378425053073885
Morocco,MAR,MCV1,661365,652307,643279,TRUE,-0.9966880105983661,Continued decline,-2.734647282514194
Fiji,FJI,MCV1,17538,17293,17062,TRUE,-0.9428571428571428,Continued decline,-2.714106511574866
Belgium,BEL,MCV1,115297,113749,112236,TRUE,-0.977390180878553,Continued decline,-2.6548826075266487
Brunei,BRN,MCV1,6341,6324,6190,TRUE,-7.882352941176471,Continued decline,-2.38132786626715
Cambodia,KHM,MCV1,274621,271282,268435,TRUE,-0.8526504941599281,Continued decline,-2.252558981286937
Tonga,TON,MCV1,2455,2423,2400,TRUE,-0.71875,Continued decline,-2.240325865580448
Germany,DEU,MCV1,770110,763497,753428,TRUE,-1.5226069862392257,Continued decline,-2.166184051628988
Maldives,MDV,MCV1,7594,7525,7438,TRUE,-1.2608695652173914,Continued decline,-2.054253357914143
Australia,AUS,MCV1,287955,286287,282994,TRUE,-1.974220623501199,Continued decline,-1.7228386379816292
Sweden,SWE,MCV1,114747,114229,112879,TRUE,-2.606177606177606,Continued decline,-1.627929270482017
Palestine,PSE,MCV1,141130,140823,139447,TRUE,-4.482084690553746,Continued decline,-1.1925175370226033
Canada,CAN,MCV1,340893,338156,337187,TRUE,-0.35403726708074534,Continued decline,-1.087144646560651
Cyprus,CYP,MCV1,11471,11450,11374,TRUE,-3.619047619047619,Continued decline,-0.8456106703861913
Lesotho,LSO,MCV1,49792,49688,49604,TRUE,-0.8076923076923077,Continued decline,-0.3775706940874036
North Korea,PRK,Polio 3,333163,239032,0,TRUE,-2.5393547290478162,Continued decline,-100
Myanmar,MMR,Polio 3,814993,775492,385671,TRUE,-9.86863623705729,Continued decline,-52.67799846133648
Eswatini,SWZ,Polio 3,25430,23162,17059,TRUE,-2.690917107583774,Continued decline,-32.917813605977194
Lebanon,LBN,Polio 3,77134,58265,53182,TRUE,-0.26938364513222746,Continued decline,-31.05245417066404
Vanuatu,VUT,Polio 3,8078,6864,5644,TRUE,-1.0049423393739703,Continued decline,-30.13122059915821
Djibouti,DJI,Polio 3,19743,16346,13846,TRUE,-0.7359434795407712,Continued decline,-29.868814263283188
Venezuela,VEN,Polio 3,319952,299626,227382,TRUE,-3.5542654727934666,Continued decline,-28.93246486973046
Ecuador,ECU,Polio 3,254139,214946,184525,TRUE,-0.7761845227464088,Continued decline,-27.392096451154682
Philippines,PHL,Polio 3,1847705,1719329,1347808,TRUE,-2.8940066679130054,Continued decline,-27.055022311462057
Grenada,GRD,Polio 3,1916,1454,1439,TRUE,-0.032467532467532464,Continued decline,-24.895615866388308
Belize,BLZ,Polio 3,7734,6010,5918,TRUE,-0.05336426914153132,Continued decline,-23.4807344194466
Brazil,BRA,Polio 3,2483615,2138670,1904180,TRUE,-0.6797895316644682,Continued decline,-23.33030683097018
Papua New Guinea,PNG,Polio 3,100690,99073,77878,TRUE,-13.10760667903525,Continued decline,-22.655675836726587
Paraguay,PRY,Polio 3,115022,106684,90035,TRUE,-1.9967618133845046,Continued decline,-21.723670254386118
Indonesia,IDN,Polio 3,3834111,3402891,3026490,TRUE,-0.8728746347572005,Continued decline,-21.064100648103302
China,CHN,Polio 3,16661734,14807231,13213492,TRUE,-0.8593887418893363,Continued decline,-20.69557706298756
Mozambique,MOZ,Polio 3,909329,770286,721510,TRUE,-0.3507979545895874,Continued decline,-20.654680539166794
Angola,AGO,Polio 3,657312,612415,528445,TRUE,-1.8702808650912088,Continued decline,-19.605149457183195
Saint Lucia,LCA,Polio 3,1921,1844,1557,TRUE,-3.727272727272727,Continued decline,-18.94846434148881
Madagascar,MDG,Polio 3,541884,533098,439436,TRUE,-10.660368768495333,Continued decline,-18.905891297768527
Georgia,GEO,Polio 3,51260,45700,41869,TRUE,-0.6890287769784172,Continued decline,-18.3203277409286
North Macedonia,MKD,Polio 3,20034,17586,16398,TRUE,-0.4852941176470588,Continued decline,-18.149146451033243
Panama,PAN,Polio 3,68429,56820,56290,TRUE,-0.045654233784133,Continued decline,-17.739554867088515
Iran,IRN,Polio 3,1489279,1359407,1233322,TRUE,-0.9708405198965135,Continued decline,-17.18663863520536
Argentina,ARG,Polio 3,570097,489233,475327,TRUE,-0.17196774831816383,Continued decline,-16.623486880302824
Guyana,GUY,Polio 3,15294,14515,12824,TRUE,-2.1707317073170733,Continued decline,-16.15012423172486
Uruguay,URY,Polio 3,38194,34714,32076,TRUE,-0.7580459770114942,Continued decline,-16.018222757501178
Bahamas,BHS,Polio 3,4115,3825,3459,TRUE,-1.2620689655172415,Continued decline,-15.941676792223573
Kuwait,KWT,Polio 3,54762,49656,46652,TRUE,-0.5883274578926753,Continued decline,-14.809539461670502
Latvia,LVA,Polio 3,19305,18266,16477,TRUE,-1.7218479307025987,Continued decline,-14.64905464905465
Moldova,MDA,Polio 3,39744,35243,34062,TRUE,-0.26238613641413017,Continued decline,-14.296497584541063
South Korea,KOR,Polio 3,342788,315461,295505,TRUE,-0.7302667691294324,Continued decline,-13.793656720772022
Slovenia,SVN,Polio 3,19569,19174,16942,TRUE,-5.650632911392405,Continued decline,-13.424293525473963
Guatemala,GTM,Polio 3,289730,279086,252087,TRUE,-2.5365464111236378,Continued decline,-12.992441238394367
Spain,ESP,Polio 3,369029,348624,325640,TRUE,-1.126390590541534,Continued decline,-11.757612545355514
Nicaragua,NIC,Polio 3,138891,130084,122627,TRUE,-0.8467128420574543,Continued decline,-11.709902009489456
Honduras,HND,Polio 3,185223,169283,163663,TRUE,-0.35257214554579674,Continued decline,-11.640023107281493
Turkey,TUR,Polio 3,1362429,1290394,1206191,TRUE,-1.1689178871381967,Continued decline,-11.467606752351866
Russia,RUS,Polio 3,1583367,1502757,1421975,TRUE,-1.0021337303064135,Continued decline,-10.192962212803476
Jamaica,JAM,Polio 3,32988,31766,29729,TRUE,-1.6669394435351883,Continued decline,-9.879350066690918
Senegal,SEN,Polio 3,452098,434148,408970,TRUE,-1.402674094707521,Continued decline,-9.539524616344243
Italy,ITA,Polio 3,428412,400400,387792,TRUE,-0.4500928173639869,Continued decline,-9.48152712809165
Mauritania,MRT,Polio 3,102717,98948,93501,TRUE,-1.4452109312815071,Continued decline,-8.972224656093928
Bulgaria,BGR,Polio 3,58354,55748,53195,TRUE,-0.9796623177283192,Continued decline,-8.84086780683415
Bhutan,BTN,Polio 3,10296,9544,9400,TRUE,-0.19148936170212766,Continued decline,-8.702408702408702
Seychelles,SYC,Polio 3,1721,1656,1573,TRUE,-1.2769230769230768,Continued decline,-8.599651365485183
India,IND,Polio 3,21088813,19674515,19283821,TRUE,-0.2762458831165709,Continued decline,-8.559002348780844
Finland,FIN,Polio 3,45060,42398,41314,TRUE,-0.40721262208865516,Continued decline,-8.313359964491788
Bahrain,BHR,Polio 3,20401,19704,18713,TRUE,-1.4218077474892397,Continued decline,-8.274104210577914
Colombia,COL,Polio 3,687077,645257,630481,TRUE,-0.353323768531803,Continued decline,-8.23721358741451
Solomon Islands,SLB,Polio 3,18702,18672,17190,TRUE,-49.4,Continued decline,-8.084696823869105
Belarus,BLR,Polio 3,94683,88815,87035,TRUE,-0.30334014996591685,Continued decline,-8.077479589789085
Cuba,CUB,Polio 3,114299,110730,105139,TRUE,-1.566545250770524,Continued decline,-8.014068364552621
Laos,LAO,Polio 3,126965,123361,116916,TRUE,-1.7882907880133185,Continued decline,-7.914779663686843
Romania,ROU,Polio 3,187040,179148,172277,TRUE,-0.8706284845413077,Continued decline,-7.892964071856287
Barbados,BRB,Polio 3,2746,2563,2532,TRUE,-0.16939890710382513,Continued decline,-7.7931536780772035
Rwanda,RWA,Polio 3,366334,345393,337797,TRUE,-0.36273339382073444,Continued decline,-7.789885732692024
Lithuania,LTU,Polio 3,26568,25525,24570,TRUE,-0.9156279961649089,Continued decline,-7.520325203252033
Japan,JPN,Polio 3,856370,806526,791993,TRUE,-0.2915696974560629,Continued decline,-7.51742821444002
Cape Verde,CPV,Polio 3,9973,9365,9290,TRUE,-0.12335526315789473,Continued decline,-6.848490925498847
United Kingdom,GBR,Polio 3,696318,673774,648861,TRUE,-1.105083392476934,Continued decline,-6.815420540615063
South Sudan,SSD,Polio 3,152654,143198,142270,TRUE,-0.09813874788494077,Continued decline,-6.802311108781951
Montenegro,MNE,Polio 3,6413,6225,5993,TRUE,-1.2340425531914894,Continued decline,-6.549196943708093
Sri Lanka,LKA,Polio 3,315339,300386,295542,TRUE,-0.3239483715642346,Continued decline,-6.27800557495267
Serbia,SRB,Polio 3,67451,63695,63295,TRUE,-0.10649627263045794,Continued decline,-6.161509836770397
Liberia,LBR,Polio 3,102490,100182,96323,TRUE,-1.6720103986135182,Continued decline,-6.017172407064104
Bosnia and Herzegovina,BIH,Polio 3,23264,22729,21874,TRUE,-1.5981308411214954,Continued decline,-5.974896836313618
Saint Vincent and the Grenadines,VCT,Polio 3,1434,1385,1349,TRUE,-0.7346938775510204,Continued decline,-5.927475592747559
Czechia,CZE,Polio 3,108713,107172,102355,TRUE,-3.125892277741726,Continued decline,-5.848426591116058
Mauritius,MUS,Polio 3,13000,12375,12256,TRUE,-0.1904,Continued decline,-5.723076923076923
Tunisia,TUN,Polio 3,207722,200722,196078,TRUE,-0.6634285714285715,Continued decline,-5.6055689816196645
Sudan,SDN,Polio 3,1301790,1284376,1231304,TRUE,-3.04766280004594,Continued decline,-5.414544588604921
Turkmenistan,TKM,Polio 3,138752,135000,131268,TRUE,-0.9946695095948828,Continued decline,-5.393796125461255
Mongolia,MNG,Polio 3,76165,74565,72076,TRUE,-1.555625,Continued decline,-5.368607628175671
United States,USA,Polio 3,3618806,3519661,3435893,TRUE,-0.8449039285894397,Continued decline,-5.054512455213128
Albania,ALB,Polio 3,28606,27472,27164,TRUE,-0.2716049382716049,Continued decline,-5.040900510382437
Thailand,THA,Polio 3,671079,652577,638054,TRUE,-0.7849421684142255,Continued decline,-4.9211791756261185
Poland,POL,Polio 3,348411,340374,331508,TRUE,-1.1031479407739206,Continued decline,-4.851454173375697
Malaysia,MYS,Polio 3,507475,501547,483331,TRUE,-3.0728744939271255,Continued decline,-4.757672791763141
Croatia,HRV,Polio 3,34632,34507,33034,TRUE,-11.784,Continued decline,-4.614229614229615
Costa Rica,CRI,Polio 3,65781,64429,62748,TRUE,-1.2433431952662721,Continued decline,-4.610753865097824
Slovakia,SVK,Polio 3,57600,56794,54976,TRUE,-2.2555831265508686,Continued decline,-4.555555555555555
Austria,AUT,Polio 3,74484,72372,71107,TRUE,-0.5989583333333334,Continued decline,-4.533859620858171
Norway,NOR,Polio 3,55083,53955,52620,TRUE,-1.1835106382978724,Continued decline,-4.4714340177550245
Brunei,BRN,Polio 3,6472,6324,6190,TRUE,-0.9054054054054054,Continued decline,-4.357231149567367
Greece,GRC,Polio 3,86296,83895,82557,TRUE,-0.5572678050812162,Continued decline,-4.332761657550756
Dominica,DMA,Polio 3,906,897,867,TRUE,-3.3333333333333335,Continued decline,-4.304635761589404
Palestine,PSE,Polio 3,141130,139400,135178,TRUE,-2.440462427745665,Continued decline,-4.217388223623609
Marshall Islands,MHL,Polio 3,763,753,731,TRUE,-2.2,Continued decline,-4.193971166448231
San Marino,SMR,Polio 3,194,188,186,TRUE,-0.3333333333333333,Continued decline,-4.123711340206185
Maldives,MDV,Polio 3,7594,7525,7288,TRUE,-3.4347826086956523,Continued decline,-4.029496971293126
Cook Islands,COK,Polio 3,282,276,272,TRUE,-0.6666666666666666,Continued decline,-3.5460992907801416
France,FRA,Polio 3,662686,654056,640442,TRUE,-1.5775202780996525,Continued decline,-3.35664251244179
Cambodia,KHM,Polio 3,307314,303578,297195,TRUE,-1.7085117773019272,Continued decline,-3.2927234034245103
Ireland,IRL,Polio 3,57972,56725,56141,TRUE,-0.46832397754611066,Continued decline,-3.1584213068377838
Tuvalu,TUV,Polio 3,229,228,222,TRUE,-6,Continued decline,-3.056768558951965
Algeria,DZA,Polio 3,902670,892681,877730,TRUE,-1.4967464210631696,Continued decline,-2.762914464865344
Libya,LBY,Polio 3,90911,89516,88422,TRUE,-0.7842293906810036,Continued decline,-2.7378425053073885
Morocco,MAR,Polio 3,661365,652307,643279,TRUE,-0.9966880105983661,Continued decline,-2.734647282514194
Fiji,FJI,Polio 3,18086,17834,17595,TRUE,-0.9484126984126984,Continued decline,-2.7148070330642486
Belgium,BEL,Polio 3,117699,116119,114574,TRUE,-0.9778481012658228,Continued decline,-2.6550777831587355
Trinidad and Tobago,TTO,Polio 3,17517,17199,17065,TRUE,-0.42138364779874216,Continued decline,-2.5803505166409773
Switzerland,CHE,Polio 3,84041,83570,82075,TRUE,-3.1740976645435244,Continued decline,-2.3393343725086564
Tonga,TON,Polio 3,2455,2423,2400,TRUE,-0.71875,Continued decline,-2.240325865580448
Germany,DEU,Polio 3,722474,716270,706824,TRUE,-1.5225660863958737,Continued decline,-2.1661679174613897
Egypt,EGY,Polio 3,2384105,2348896,2341780,TRUE,-0.2021074157175722,Continued decline,-1.7752993261622285
Sao Tome and Principe,STP,Polio 3,5763,5702,5669,TRUE,-0.5409836065573771,Continued decline,-1.6310949158424433
Sweden,SWE,Polio 3,115930,114229,114043,TRUE,-0.10934744268077601,Continued decline,-1.6277063745363582
Canada,CAN,Polio 3,348468,345671,344680,TRUE,-0.35430818734358244,Continued decline,-1.0870438605553452
Cyprus,CYP,Polio 3,12804,12781,12696,TRUE,-3.6956521739130435,Continued decline,-0.8434864104967198
Lesotho,LSO,Polio 3,48133,48032,47950,TRUE,-0.8118811881188119,Continued decline,-0.3801965387571936
