entity,code,vaccine,year_2019,year_2020,year_2021,disrupted_2020,recovery_index,recovery_status,absolute_change_2019_2021,percent_change_2019_2021
Gabon,GAB,DTP3,42997,38729,46115,TRUE,1.7305529522024368,Recovered to 2019 level,3118,7.251668721073563
Zambia,ZMB,DTP3,534009,517579,569885,TRUE,3.183566646378576,Recovered to 2019 level,35876,6.718238831180748
Mali,MLI,DTP3,607461,564616,635475,TRUE,1.653845256155911,Recovered to 2019 level,28014,4.61165408149659
Benin,BEN,DTP3,321631,310086,332609,TRUE,1.9508878302295365,Recovered to 2019 level,10978,3.4132282025053553
Ghana,GHA,DTP3,827343,814250,852834,TRUE,2.9469182005651877,Recovered to 2019 level,25491,3.0810679488434665
Uganda,UGA,DTP3,1397665,1373472,1438423,TRUE,2.684702186582896,Recovered to 2019 level,40758,2.916149434950435
Kazakhstan,KAZ,DTP3,379941,350291,390926,TRUE,1.3704890387858348,Recovered to 2019 level,10985,2.89123837648477
Netherlands,NLD,DTP3,160482,159868,163340,TRUE,5.6547231270358305,Recovered to 2019 level,2858,1.7808850836853978
Saudi Arabia,SAU,DTP3,617964,614205,627417,TRUE,3.514764565043895,Recovered to 2019 level,9453,1.5297007592675302
Togo,TGO,DTP3,211707,209226,214343,TRUE,2.0624748085449416,Recovered to 2019 level,2636,1.2451170721799467
Kenya,KEN,DTP3,1254486,1230298,1267787,TRUE,1.549900777244915,Recovered to 2019 level,13301,1.06027488549095
Nauru,NRU,DTP3,333,327,335,TRUE,1.3333333333333333,Recovered to 2019 level,2,0.6006006006006006
Yemen,YEM,DTP3,685487,682772,687422,TRUE,1.712707182320442,Recovered to 2019 level,1935,0.28228106441114126
Pakistan,PAK,DTP3,4949391,4564451,4958796,TRUE,1.024432379072063,Recovered to 2019 level,9405,0.19002337863385615
