variable,n_missing,percent_missing
"Number of one-year-olds vaccinated with rotavirus, last dose",9725,91.16
Number of one-year-olds vaccinated with Hib3,7231,67.78
"Number of one-year-olds vaccinated with rubella-containing vaccine, 1st dose",6722,63.01
Number of one-year-olds vaccinated with HepB3,6454,60.5
Number of one-year-olds vaccinated with BCG,4423,41.46
"Number of one-year-olds vaccinated with measles-containing vaccine, 1st dose",3192,29.92
"Number of one-year-olds vaccinated with DTP containing vaccine, 3rd dose",3066,28.74
"Number of one-year-olds vaccinated with polio, 3rd dose",3065,28.73
Code,714,6.69
Entity,0,0
Year,0,0
Population - Sex: all - Age: 0 - Variant: estimates,0,0
